MDDS STC,STATE NAME,MDDS DTC,DISTRICT NAME,MDDS Sub_DT,SUB-DISTRICT NAME,MDDS PLCN,Area Name,HH,eHH
29,KARNATAKA,571,Tumkur,5539,Tiptur ,611980,Mayagondanahalli,86,75
29,KARNATAKA,571,Tumkur,5539,Tiptur ,611981,Bommenahalli,227,181
29,KARNATAKA,571,Tumkur,5539,Tiptur ,611982,Hosahalli,126,110
29,KARNATAKA,571,Tumkur,5539,Tiptur ,611984,Dasanakatte,184,159
29,KARNATAKA,571,Tumkur,5539,Tiptur ,611985,Hulihalli,314,274
29,KARNATAKA,571,Tumkur,5539,Tiptur ,611986,Anivala,124,102
29,KARNATAKA,571,Tumkur,5539,Tiptur ,611987,Chikkahonnavalli,149,130
29,KARNATAKA,571,Tumkur,5539,Tiptur ,611988,Sooranahalli,119,104
29,KARNATAKA,571,Tumkur,5539,Tiptur ,611989,Hanumanthapura,45,39
29,KARNATAKA,571,Tumkur,5539,Tiptur ,611990,Chowdenahalli,68,59
29,KARNATAKA,571,Tumkur,5539,Tiptur ,611991,Kodihalli,115,101
29,KARNATAKA,571,Tumkur,5539,Tiptur ,611992,Gyaraghatta,110,96
29,KARNATAKA,571,Tumkur,5539,Tiptur ,611993,Ramanahalli,236,217
29,KARNATAKA,571,Tumkur,5539,Tiptur ,611994,Honnavalli,1351,1187
29,KARNATAKA,571,Tumkur,5539,Tiptur ,611995,Halugowdanakatte,59,52
29,KARNATAKA,571,Tumkur,5539,Tiptur ,611996,Krishnapura,29,25
29,KARNATAKA,571,Tumkur,5539,Tiptur ,611997,Bagavala,170,148
29,KARNATAKA,571,Tumkur,5539,Tiptur ,611998,Vittalapura,48,42
29,KARNATAKA,571,Tumkur,5539,Tiptur ,611999,Thammadihalli,9,8
29,KARNATAKA,571,Tumkur,5539,Tiptur ,612000,Patarehalli,100,87
29,KARNATAKA,571,Tumkur,5539,Tiptur ,612001,Nelagondanahalli,73,64
29,KARNATAKA,571,Tumkur,5539,Tiptur ,612002,Satheramanahalli,136,129
29,KARNATAKA,571,Tumkur,5539,Tiptur ,612003,Ghatikinakere,164,143
29,KARNATAKA,571,Tumkur,5539,Tiptur ,612004,Byrapura,78,68
29,KARNATAKA,571,Tumkur,5539,Tiptur ,612005,Chowlihalli,213,186
29,KARNATAKA,571,Tumkur,5539,Tiptur ,612006,Manakikere,430,400
29,KARNATAKA,571,Tumkur,5539,Tiptur ,612007,Hurulihalli,68,59
29,KARNATAKA,571,Tumkur,5539,Tiptur ,612008,Sarathavalli,739,716
29,KARNATAKA,571,Tumkur,5539,Tiptur ,612009,Paruvagondanahalli,112,98
29,KARNATAKA,571,Tumkur,5539,Tiptur ,612010,Thimmalapura,221,201
29,KARNATAKA,571,Tumkur,5539,Tiptur ,612011,Harachanahalli,115,100
29,KARNATAKA,571,Tumkur,5539,Tiptur ,612012,Vasudevarahalli,123,118
29,KARNATAKA,571,Tumkur,5539,Tiptur ,612013,Alur,160,140
29,KARNATAKA,571,Tumkur,5539,Tiptur ,612014,Harisamudra,131,114
29,KARNATAKA,571,Tumkur,5539,Tiptur ,612015,Virupakshipura,61,53
29,KARNATAKA,571,Tumkur,5539,Tiptur ,612016,Kalkere,217,190
29,KARNATAKA,571,Tumkur,5539,Tiptur ,612017,Meesethimmanahalli,91,80
29,KARNATAKA,571,Tumkur,5539,Tiptur ,612018,Gedlahalli,163,143
29,KARNATAKA,571,Tumkur,5539,Tiptur ,612019,Byranaikanahalli,164,143
29,KARNATAKA,571,Tumkur,5539,Tiptur ,612020,Annamallenahalli,155,138
29,KARNATAKA,571,Tumkur,5539,Tiptur ,612021,Kagehallada Kaval,164,144
29,KARNATAKA,571,Tumkur,5539,Tiptur ,612022,Chowdlapura,46,40
29,KARNATAKA,571,Tumkur,5539,Tiptur ,612023,Jakkanahalli,255,223
29,KARNATAKA,571,Tumkur,5539,Tiptur ,612024,Siddanahalli,14,12
29,KARNATAKA,571,Tumkur,5539,Tiptur ,612025,Thimmalapura,130,122
29,KARNATAKA,571,Tumkur,5539,Tiptur ,612026,Biligere,404,353
29,KARNATAKA,571,Tumkur,5539,Tiptur ,612027,Kibbanahalli Amanikere,52,46
29,KARNATAKA,571,Tumkur,5539,Tiptur ,612028,Hatna,332,291
29,KARNATAKA,571,Tumkur,5539,Tiptur ,612029,Badanekatte,10,9
29,KARNATAKA,571,Tumkur,5539,Tiptur ,612030,Kamagondanahalli,94,82
29,KARNATAKA,571,Tumkur,5539,Tiptur ,612031,Rajathadripura,414,399
29,KARNATAKA,571,Tumkur,5539,Tiptur ,612032,Karekurchi (B),107,94
29,KARNATAKA,571,Tumkur,5539,Tiptur ,612033,Yagachikatti,285,280
29,KARNATAKA,571,Tumkur,5539,Tiptur ,612034,Kallenahalli Kaval,123,108
29,KARNATAKA,571,Tumkur,5539,Tiptur ,612035,Beerasandra,368,321
29,KARNATAKA,571,Tumkur,5539,Tiptur ,612036,Katigenahalli,190,166
29,KARNATAKA,571,Tumkur,5539,Tiptur ,612037,Hindiskere,255,223
29,KARNATAKA,571,Tumkur,5539,Tiptur ,612039,Kundur,228,199
29,KARNATAKA,571,Tumkur,5539,Tiptur ,612040,Gadabanahalli,74,65
29,KARNATAKA,571,Tumkur,5539,Tiptur ,612041,Aralaguppe,691,598
29,KARNATAKA,571,Tumkur,5539,Tiptur ,612042,Madlehalli,200,189
29,KARNATAKA,571,Tumkur,5539,Tiptur ,612043,Mallenahalli,32,28
29,KARNATAKA,571,Tumkur,5539,Tiptur ,612044,Byrapura,78,68
29,KARNATAKA,571,Tumkur,5539,Tiptur ,612045,Shettihalli,229,221
29,KARNATAKA,571,Tumkur,5539,Tiptur ,612046,Sidlehalli,246,232
29,KARNATAKA,571,Tumkur,5539,Tiptur ,612047,Nyakenahalli,269,249
29,KARNATAKA,571,Tumkur,5539,Tiptur ,612048,Ramenahalli,162,147
29,KARNATAKA,571,Tumkur,5539,Tiptur ,612049,Karadi,161,141
29,KARNATAKA,571,Tumkur,5539,Tiptur ,612050,Mallipatna,105,92
29,KARNATAKA,571,Tumkur,5539,Tiptur ,612051,Kattehalli,51,45
29,KARNATAKA,571,Tumkur,5539,Tiptur ,612052,Kondlighatta,169,148
29,KARNATAKA,571,Tumkur,5539,Tiptur ,612053,Kuppalu,131,115
29,KARNATAKA,571,Tumkur,5539,Tiptur ,612054,Ballekatte,21,18
29,KARNATAKA,571,Tumkur,5539,Tiptur ,612055,Uppinahalli,105,102
29,KARNATAKA,571,Tumkur,5539,Tiptur ,612056,Kadushettihalli,82,72
29,KARNATAKA,571,Tumkur,5539,Tiptur ,612057,Shivapura,141,140
29,KARNATAKA,571,Tumkur,5539,Tiptur ,612058,Karadalu,205,178
29,KARNATAKA,571,Tumkur,5539,Tiptur ,612059,Ginikikere,82,72
29,KARNATAKA,571,Tumkur,5539,Tiptur ,612060,Kallushettihalli,191,167
29,KARNATAKA,571,Tumkur,5539,Tiptur ,612061,Eranakall Kaval,314,274
29,KARNATAKA,571,Tumkur,5539,Tiptur ,612062,Ayarahalli,125,110
29,KARNATAKA,571,Tumkur,5539,Tiptur ,612063,Kotigehalli,239,209
29,KARNATAKA,571,Tumkur,5539,Tiptur ,612064,Konehalli,50,44
29,KARNATAKA,571,Tumkur,5539,Tiptur ,612065,Bidarammanagudi Kaval,85,75
29,KARNATAKA,571,Tumkur,5539,Tiptur ,612066,K.Lakkihalli,420,368
29,KARNATAKA,571,Tumkur,5539,Tiptur ,612067,Nagathihalli,104,91
29,KARNATAKA,571,Tumkur,5539,Tiptur ,612068,Maragondanahalli,108,94
29,KARNATAKA,571,Tumkur,5539,Tiptur ,612069,Gudigondanahalli,232,203
29,KARNATAKA,571,Tumkur,5539,Tiptur ,612070,Bommalapura,173,152
29,KARNATAKA,571,Tumkur,5539,Tiptur ,612071,Madihalli,899,894
29,KARNATAKA,571,Tumkur,5539,Tiptur ,612072,Kanchaghatta,19,17
29,KARNATAKA,571,Tumkur,5539,Tiptur ,612073,Annapura,70,61
29,KARNATAKA,571,Tumkur,5539,Tiptur ,612074,Halepalya,164,143
29,KARNATAKA,571,Tumkur,5539,Tiptur ,612075,Edenahalli,519,454
29,KARNATAKA,571,Tumkur,5539,Tiptur ,612076,Ramasettyhalli,278,263
29,KARNATAKA,571,Tumkur,5539,Tiptur ,612077,Doddamarapanahalli,101,88
29,KARNATAKA,571,Tumkur,5539,Tiptur ,612078,Chikkamarapanahalli,180,157
29,KARNATAKA,571,Tumkur,5539,Tiptur ,612079,Eralagere,157,137
29,KARNATAKA,571,Tumkur,5539,Tiptur ,612080,Bennaikanahalli,312,273
29,KARNATAKA,571,Tumkur,5539,Tiptur ,612081,Bommenahalli,187,164
29,KARNATAKA,571,Tumkur,5539,Tiptur ,612082,Peddihalli,87,76
29,KARNATAKA,571,Tumkur,5539,Tiptur ,612083,Kotanaikanahalli,307,268
29,KARNATAKA,571,Tumkur,5539,Tiptur ,612084,Huchagondanahalli,198,167
29,KARNATAKA,571,Tumkur,5539,Tiptur ,612085,Tiptur [Rural],24,20
29,KARNATAKA,571,Tumkur,5539,Tiptur ,612086,Koppa,203,177
29,KARNATAKA,571,Tumkur,5539,Tiptur ,612087,Hindiskere,115,100
29,KARNATAKA,571,Tumkur,5539,Tiptur ,612088,Shanthanahalli,37,32
29,KARNATAKA,571,Tumkur,5539,Tiptur ,612089,Kodihalli,115,101
29,KARNATAKA,571,Tumkur,5539,Tiptur ,612090,Eachanur Kaval,72,62
29,KARNATAKA,571,Tumkur,5539,Tiptur ,612091,Eachanur,531,464
29,KARNATAKA,571,Tumkur,5539,Tiptur ,612092,Hullukatte,86,75
29,KARNATAKA,571,Tumkur,5539,Tiptur ,612093,Goragondanahalli,24,21
29,KARNATAKA,571,Tumkur,5539,Tiptur ,612094,Havenahalli,110,96
29,KARNATAKA,571,Tumkur,5539,Tiptur ,612095,Hosahalli,237,207
29,KARNATAKA,571,Tumkur,5539,Tiptur ,612096,Anagondanahalli,176,154
29,KARNATAKA,571,Tumkur,5539,Tiptur ,612097,Maranagere,155,141
29,KARNATAKA,571,Tumkur,5539,Tiptur ,612098,Lingadahalli,184,161
29,KARNATAKA,571,Tumkur,5539,Tiptur ,612099,Madenur,430,376
29,KARNATAKA,571,Tumkur,5539,Tiptur ,612101,Hirebidare,202,176
29,KARNATAKA,571,Tumkur,5539,Tiptur ,612102,Siddapura,102,89
29,KARNATAKA,571,Tumkur,5539,Tiptur ,612103,Karikere,558,487
29,KARNATAKA,571,Tumkur,5539,Tiptur ,612104,Chikkabidare,135,118
29,KARNATAKA,571,Tumkur,5539,Tiptur ,612105,Gowdanakatte,267,234
29,KARNATAKA,571,Tumkur,5539,Tiptur ,612106,Timlapura,49,43
29,KARNATAKA,571,Tumkur,5539,Tiptur ,612107,Singenahalli,86,75
29,KARNATAKA,571,Tumkur,5539,Tiptur ,612108,Gurugadahalli,491,443
29,KARNATAKA,571,Tumkur,5539,Tiptur ,612109,Bennenahalli,135,118
29,KARNATAKA,571,Tumkur,5539,Tiptur ,612110,Honnenahalli,83,73
29,KARNATAKA,571,Tumkur,5539,Tiptur ,612111,Chatnahalli,129,113
29,KARNATAKA,571,Tumkur,5539,Tiptur ,612112,Shankaranahalli,13,11
29,KARNATAKA,571,Tumkur,5539,Tiptur ,612113,Keragodi,277,242
29,KARNATAKA,571,Tumkur,5539,Tiptur ,612114,Rangapura,316,312
29,KARNATAKA,571,Tumkur,5539,Tiptur ,612115,Chikkarangapura,147,128
29,KARNATAKA,571,Tumkur,5539,Tiptur ,612116,Chikkakottigehalli,48,42
29,KARNATAKA,571,Tumkur,5539,Tiptur ,612117,Ballekatte,21,18
29,KARNATAKA,571,Tumkur,5539,Tiptur ,612118,Narasikatte,240,221
29,KARNATAKA,571,Tumkur,5539,Tiptur ,612119,Dasihalli,128,112
29,KARNATAKA,571,Tumkur,5539,Tiptur ,612120,Hogavanaghatta,159,137
29,KARNATAKA,571,Tumkur,5539,Tiptur ,612121,Thadasur,473,472
29,KARNATAKA,571,Tumkur,5539,Tiptur ,612122,Melapura,26,23
29,KARNATAKA,571,Tumkur,5539,Tiptur ,612123,Shivara,290,283
29,KARNATAKA,571,Tumkur,5539,Tiptur ,612124,Lakkihalli Kaval ,98,86
29,KARNATAKA,571,Tumkur,5539,Tiptur ,612125,S.Lakkihalli,144,126
29,KARNATAKA,571,Tumkur,5539,Tiptur ,612126,Bannihalli,85,74
29,KARNATAKA,571,Tumkur,5539,Tiptur ,612127,Kallahalli,53,46
29,KARNATAKA,571,Tumkur,5539,Tiptur ,612128,Ramachandrapura,374,352
29,KARNATAKA,571,Tumkur,5539,Tiptur ,612129,Dasarighatta,431,382
29,KARNATAKA,571,Tumkur,5539,Tiptur ,612130,Jayapura,53,46
29,KARNATAKA,571,Tumkur,5539,Tiptur ,612131,Voddaramallenahalli,73,64
29,KARNATAKA,571,Tumkur,5539,Tiptur ,612132,Aladahalli,262,229
29,KARNATAKA,571,Tumkur,5539,Tiptur ,612133,Hedagarahalli,276,233
29,KARNATAKA,571,Tumkur,5539,Tiptur ,612134,Belagarahalli,281,245
29,KARNATAKA,571,Tumkur,5539,Tiptur ,612135,Kannughatta,262,228
29,KARNATAKA,571,Tumkur,5539,Tiptur ,612136,Haroghatta,163,142
29,KARNATAKA,571,Tumkur,5539,Tiptur ,612137,Kurubaramallenahalli,78,68
29,KARNATAKA,571,Tumkur,5539,Tiptur ,612138,Karikere,183,160
29,KARNATAKA,571,Tumkur,5539,Tiptur ,612139,Nallikere,303,298
29,KARNATAKA,571,Tumkur,5539,Tiptur ,612140,Burudeghatta,218,191
29,KARNATAKA,571,Tumkur,5539,Tiptur ,612141,Yadehalli,56,49
29,KARNATAKA,571,Tumkur,5539,Tiptur ,612142,Basthihalli,130,114
29,KARNATAKA,571,Tumkur,5539,Tiptur ,612143,Albur,500,437
29,KARNATAKA,571,Tumkur,5539,Tiptur ,612144,Nonavinakere,1029,900
29,KARNATAKA,571,Tumkur,5539,Tiptur ,612145,Kuduvanaghatta,263,230
29,KARNATAKA,571,Tumkur,5539,Tiptur ,612146,Gopalapura,136,119
29,KARNATAKA,571,Tumkur,5539,Tiptur ,612147,Chiggave,69,60
29,KARNATAKA,571,Tumkur,5539,Tiptur ,612148,Agarahara,61,53
29,KARNATAKA,571,Tumkur,5539,Tiptur ,612149,Muguthihalli,113,108
29,KARNATAKA,571,Tumkur,5539,Tiptur ,612150,Kaidala,158,138
29,KARNATAKA,571,Tumkur,5539,Tiptur ,612151,Nagaraghatta,197,194
29,KARNATAKA,571,Tumkur,5539,Tiptur ,612152,Shakunagiri Gollarahatti,190,166
29,KARNATAKA,571,Tumkur,5539,Tiptur ,612153,Kodihalli,115,101
29,KARNATAKA,571,Tumkur,5539,Tiptur ,612154,Honnenahalli,83,73
29,KARNATAKA,571,Tumkur,5539,Tiptur ,612155,Bochihalli,167,146
29,KARNATAKA,571,Tumkur,5539,Tiptur ,612156,Sugur,388,386
29,KARNATAKA,571,Tumkur,5539,Tiptur ,612157,Nagaraghatta Kaval,46,40
29,KARNATAKA,571,Tumkur,5539,Tiptur ,612158,N.Melanahalli,285,270
29,KARNATAKA,571,Tumkur,5539,Tiptur ,612159,Lingadevarahalli,60,52
29,KARNATAKA,571,Tumkur,5539,Tiptur ,612160,Kurubarahalli,151,132
29,KARNATAKA,571,Tumkur,5539,Tiptur ,612161,Mattighatta,304,292
29,KARNATAKA,571,Tumkur,5539,Tiptur ,612162,Sasalahalli,54,47
29,KARNATAKA,571,Tumkur,5539,Tiptur ,612163,G.Melanahalli,324,284
29,KARNATAKA,571,Tumkur,5539,Tiptur ,612164,Ganganaghatta,445,389
29,KARNATAKA,571,Tumkur,5539,Tiptur ,612165,J.Mallenahalli,270,236
29,KARNATAKA,571,Tumkur,5539,Tiptur ,612166,Hunaseghatta,220,192
29,KARNATAKA,571,Tumkur,5539,Tiptur ,612167,Machaghatta,107,94
29,KARNATAKA,571,Tumkur,5539,Tiptur ,612168,Ballekere,195,171
29,KARNATAKA,571,Tumkur,5539,Tiptur ,612169,Bajaguru,493,431
29,KARNATAKA,571,Tumkur,5539,Tiptur ,612170,Vignasanthe,383,355
29,KARNATAKA,571,Tumkur,5539,Tiptur ,612171,Makanahalli,181,164
29,KARNATAKA,571,Tumkur,5539,Tiptur ,612172,Madihalli,446,390
29,KARNATAKA,571,Tumkur,5539,Tiptur ,612173,Kasavanahalli,70,61
29,KARNATAKA,571,Tumkur,5539,Tiptur ,612174,Kasavanahalli Kaval,38,34
29,KARNATAKA,571,Tumkur,5539,Tiptur ,612175,J.Mallenahalli,364,319
29,KARNATAKA,571,Tumkur,5539,Tiptur ,612176,Maragondanahalli,108,94
29,KARNATAKA,571,Tumkur,5539,Tiptur ,612177,Bidarakere,138,121
29,KARNATAKA,571,Tumkur,5539,Tiptur ,612178,Hullenahalli,235,206
29,KARNATAKA,571,Tumkur,5539,Tiptur ,612179,Hullenahalli Kaval,8,2
29,KARNATAKA,571,Tumkur,5539,Tiptur ,612180,Virupakshipura,61,53
29,KARNATAKA,571,Tumkur,5539,Tiptur ,612181,Matanahalli,82,72
29,KARNATAKA,571,Tumkur,5539,Tiptur ,612182,Jabaghatta,155,136
29,KARNATAKA,571,Tumkur,5539,Tiptur ,612183,Rayashettyhalli,76,66
29,KARNATAKA,571,Tumkur,5539,Tiptur ,612184,Ganjalaghatta,115,101
29,KARNATAKA,571,Tumkur,5539,Tiptur ,612185,Masavanagatta,513,499
29,KARNATAKA,571,Tumkur,5539,Tiptur ,612186,Bisalehalli,186,163
29,KARNATAKA,571,Tumkur,5539,Tiptur ,612187,Sannenahalli,191,167
29,KARNATAKA,571,Tumkur,5539,Tiptur ,612188,Kallahalli,53,46
29,KARNATAKA,571,Tumkur,5539,Tiptur ,612189,Kabballi Kaval,10,8
29,KARNATAKA,571,Tumkur,5539,Tiptur ,612190,Gungaramale,390,342
29,KARNATAKA,571,Tumkur,5540,Turuvekere ,612191,Mudlapura,77,74
29,KARNATAKA,571,Tumkur,5540,Turuvekere ,612192,Somalapura,295,254
29,KARNATAKA,571,Tumkur,5540,Turuvekere ,612193,A.Hosahalli,502,432
29,KARNATAKA,571,Tumkur,5540,Turuvekere ,612194,Guladahalli,8,2
29,KARNATAKA,571,Tumkur,5540,Turuvekere ,612195,Bommenahalli,180,145
29,KARNATAKA,571,Tumkur,5540,Turuvekere ,612196,Banasandra,641,523
29,KARNATAKA,571,Tumkur,5540,Turuvekere ,612197,Hulisandra,5,2
29,KARNATAKA,571,Tumkur,5540,Turuvekere ,612198,Marasandra,460,367
29,KARNATAKA,571,Tumkur,5540,Turuvekere ,612199,Heggere,196,152
29,KARNATAKA,571,Tumkur,5540,Turuvekere ,612200,Lingapura,5,2
29,KARNATAKA,571,Tumkur,5540,Turuvekere ,612201,Dunda,446,372
29,KARNATAKA,571,Tumkur,5540,Turuvekere ,612202,Bugudanahalli,97,83
29,KARNATAKA,571,Tumkur,5540,Turuvekere ,612203,G.Manchenahalli,116,102
29,KARNATAKA,571,Tumkur,5540,Turuvekere ,612204,Balamadihalli,56,47
29,KARNATAKA,571,Tumkur,5540,Turuvekere ,612206,Neeragunda,361,312
29,KARNATAKA,571,Tumkur,5540,Turuvekere ,612207,Ajjenahalli,54,45
29,KARNATAKA,571,Tumkur,5540,Turuvekere ,612208,Kolaghatta Kaval,10,6
29,KARNATAKA,571,Tumkur,5540,Turuvekere ,612209,Seegehalli,95,81
29,KARNATAKA,571,Tumkur,5540,Turuvekere ,612210,Pundareekanakallahalli,163,143
29,KARNATAKA,571,Tumkur,5540,Turuvekere ,612211,Kolaghatta,135,116
29,KARNATAKA,571,Tumkur,5540,Turuvekere ,612212,Anekere,454,426
29,KARNATAKA,571,Tumkur,5540,Turuvekere ,612213,N.Mavinahalli,234,202
29,KARNATAKA,571,Tumkur,5540,Turuvekere ,612214,N.Manchenahalli,374,326
29,KARNATAKA,571,Tumkur,5540,Turuvekere ,612216,N.Ganganahalli,120,103
29,KARNATAKA,571,Tumkur,5540,Turuvekere ,612217,Chowdenahalli,134,125
29,KARNATAKA,571,Tumkur,5540,Turuvekere ,612218,Kalanjihalli,58,49
29,KARNATAKA,571,Tumkur,5540,Turuvekere ,612219,M.Ganganahalli,467,457
29,KARNATAKA,571,Tumkur,5540,Turuvekere ,612220,M.Bevinahalli,182,158
29,KARNATAKA,571,Tumkur,5540,Turuvekere ,612221,Srirampura,286,259
29,KARNATAKA,571,Tumkur,5540,Turuvekere ,612222,Pura,318,282
29,KARNATAKA,571,Tumkur,5540,Turuvekere ,612223,Chendur,178,154
29,KARNATAKA,571,Tumkur,5540,Turuvekere ,612224,Pura Amruth Mahal Kaval,56,46
29,KARNATAKA,571,Tumkur,5540,Turuvekere ,612225,Pura Amanikere,56,46
29,KARNATAKA,571,Tumkur,5540,Turuvekere ,612226,Talkere,184,171
29,KARNATAKA,571,Tumkur,5540,Turuvekere ,612227,Anemale,188,164
29,KARNATAKA,571,Tumkur,5540,Turuvekere ,612228,Sunkalapura,211,183
29,KARNATAKA,571,Tumkur,5540,Turuvekere ,612229,Turuvekere Amruth Maha Kaval,65,55
29,KARNATAKA,571,Tumkur,5540,Turuvekere ,612230,Arisinadahalli,81,69
29,KARNATAKA,571,Tumkur,5540,Turuvekere ,612231,Turuvekere Amanikere,130,112
29,KARNATAKA,571,Tumkur,5540,Turuvekere ,612233,Bediswaste,35,29
29,KARNATAKA,571,Tumkur,5540,Turuvekere ,612234,Tavarekere,318,283
29,KARNATAKA,571,Tumkur,5540,Turuvekere ,612236,Chikkaturuvekere,153,122
29,KARNATAKA,571,Tumkur,5540,Turuvekere ,612237,Mallaghatta,118,114
29,KARNATAKA,571,Tumkur,5540,Turuvekere ,612238,Mallaghatta Amanikere,16,12
29,KARNATAKA,571,Tumkur,5540,Turuvekere ,612239,Doddaghatta,210,192
29,KARNATAKA,571,Tumkur,5540,Turuvekere ,612240,Guddenahalli,168,162
29,KARNATAKA,571,Tumkur,5540,Turuvekere ,612241,Somenahalli,255,235
29,KARNATAKA,571,Tumkur,5540,Turuvekere ,612242,Kalkere,158,136
29,KARNATAKA,571,Tumkur,5540,Turuvekere ,612244,Gondi,7,4
29,KARNATAKA,571,Tumkur,5540,Turuvekere ,612245,Turuvekere (Rural),1408,1380
29,KARNATAKA,571,Tumkur,5540,Turuvekere ,612246,Kodigehalli,158,154
29,KARNATAKA,571,Tumkur,5540,Turuvekere ,612247,Sulekere,185,169
29,KARNATAKA,571,Tumkur,5540,Turuvekere ,612248,Aralikere,340,319
29,KARNATAKA,571,Tumkur,5540,Turuvekere ,612249,Madihalli,378,338
29,KARNATAKA,571,Tumkur,5540,Turuvekere ,612250,Dwaranahalli,138,108
29,KARNATAKA,571,Tumkur,5540,Turuvekere ,612251,Mangikuppe,36,29
29,KARNATAKA,571,Tumkur,5540,Turuvekere ,612252,Kallanakere,151,135
29,KARNATAKA,571,Tumkur,5540,Turuvekere ,612253,Sangalapura,324,309
29,KARNATAKA,571,Tumkur,5540,Turuvekere ,612254,Hulikere,202,168
29,KARNATAKA,571,Tumkur,5540,Turuvekere ,612255,Bramhadevarahalli,48,40
29,KARNATAKA,571,Tumkur,5540,Turuvekere ,612256,D.Hosahalli,338,290
29,KARNATAKA,571,Tumkur,5540,Turuvekere ,612257,Hadavanahalli,604,584
29,KARNATAKA,571,Tumkur,5540,Turuvekere ,612258,Honnenahalli,82,70
29,KARNATAKA,571,Tumkur,5540,Turuvekere ,612259,Giriyanahalli,484,458
29,KARNATAKA,571,Tumkur,5540,Turuvekere ,612260,Gundi Kaval,8,2
29,KARNATAKA,571,Tumkur,5540,Turuvekere ,612261,Appasandra,134,102
29,KARNATAKA,571,Tumkur,5540,Turuvekere ,612262,Chakuvalli ,149,126
29,KARNATAKA,571,Tumkur,5540,Turuvekere ,612263,Ammanahalli ,46,38
29,KARNATAKA,571,Tumkur,5540,Turuvekere ,612264,Shivanehalli,4,1
29,KARNATAKA,571,Tumkur,5540,Turuvekere ,612265,Yeladabagi,28,22
29,KARNATAKA,571,Tumkur,5540,Turuvekere ,612266,Masthigondanahalli,143,138
29,KARNATAKA,571,Tumkur,5540,Turuvekere ,612267,Veerasagara Kere Kaval,13,9
29,KARNATAKA,571,Tumkur,5540,Turuvekere ,612268,Singasandra,129,126
29,KARNATAKA,571,Tumkur,5540,Turuvekere ,612270,Sampige,682,652
29,KARNATAKA,571,Tumkur,5540,Turuvekere ,612271,Veerasagara,109,96
29,KARNATAKA,571,Tumkur,5540,Turuvekere ,612272,Halugondanahalli,46,38
29,KARNATAKA,571,Tumkur,5540,Turuvekere ,612273,Ammasandra,247,214
29,KARNATAKA,571,Tumkur,5540,Turuvekere ,612274,Dandinashivara,231,228
29,KARNATAKA,571,Tumkur,5540,Turuvekere ,612275,Siddapura,126,115
29,KARNATAKA,571,Tumkur,5540,Turuvekere ,612276,Byadarahalli Kaval,36,30
29,KARNATAKA,571,Tumkur,5540,Turuvekere ,612277,Ballekatte,86,76
29,KARNATAKA,571,Tumkur,5540,Turuvekere ,612278,Raghavadevanahalli,199,194
29,KARNATAKA,571,Tumkur,5540,Turuvekere ,612279,Harigondanahalli,34,28
29,KARNATAKA,571,Tumkur,5540,Turuvekere ,612281,Sasalu,95,81
29,KARNATAKA,571,Tumkur,5540,Turuvekere ,612282,Arakere,145,125
29,KARNATAKA,571,Tumkur,5540,Turuvekere ,612283,Ramadihalli,189,163
29,KARNATAKA,571,Tumkur,5540,Turuvekere ,612284,Machenahalli,242,218
29,KARNATAKA,571,Tumkur,5540,Turuvekere ,612285,Rayasandra,77,65
29,KARNATAKA,571,Tumkur,5540,Turuvekere ,612286,Koppa,139,110
29,KARNATAKA,571,Tumkur,5540,Turuvekere ,612287,Sarigehalli Amanikere,23,18
29,KARNATAKA,571,Tumkur,5540,Turuvekere ,612288,Sarigehalli,87,82
29,KARNATAKA,571,Tumkur,5540,Turuvekere ,612289,Sarigehalli A.M.Kaval,23,18
29,KARNATAKA,571,Tumkur,5540,Turuvekere ,612290,Jakkanahalli,86,73
29,KARNATAKA,571,Tumkur,5540,Turuvekere ,612291,Hattihalli,159,143
29,KARNATAKA,571,Tumkur,5540,Turuvekere ,612292,Beechanahalli,114,98
29,KARNATAKA,571,Tumkur,5540,Turuvekere ,612294,Akkalasandra,315,299
29,KARNATAKA,571,Tumkur,5540,Turuvekere ,612295,Tovinakere,231,200
29,KARNATAKA,571,Tumkur,5540,Turuvekere ,612296,Halesampige,256,231
29,KARNATAKA,571,Tumkur,5540,Turuvekere ,612297,Hosur,13,9
29,KARNATAKA,571,Tumkur,5540,Turuvekere ,612299,Chatradene Kaval,95,81
29,KARNATAKA,571,Tumkur,5540,Turuvekere ,612300,Kurubarahalli Byala,204,176
29,KARNATAKA,571,Tumkur,5540,Turuvekere ,612302,Basavasagara C Kaval,32,26
29,KARNATAKA,571,Tumkur,5540,Turuvekere ,612303,Doddagoraghatta,333,287
29,KARNATAKA,571,Tumkur,5540,Turuvekere ,612304,Chikkagoraghatta,129,106
29,KARNATAKA,571,Tumkur,5540,Turuvekere ,612305,Chimmanahalli,224,197
29,KARNATAKA,571,Tumkur,5540,Turuvekere ,612306,D.Settihalli,94,80
29,KARNATAKA,571,Tumkur,5540,Turuvekere ,612307,Dombaranahalli ,283,246
29,KARNATAKA,571,Tumkur,5540,Turuvekere ,612308,Bantarahalli,4,1
29,KARNATAKA,571,Tumkur,5540,Turuvekere ,612309,Karigondanahalli,55,46
29,KARNATAKA,571,Tumkur,5540,Turuvekere ,612310,Harikaranahalli,77,65
29,KARNATAKA,571,Tumkur,5540,Turuvekere ,612311,Donkihalli,168,154
29,KARNATAKA,571,Tumkur,5540,Turuvekere ,612312,Vaderahalli,28,22
29,KARNATAKA,571,Tumkur,5540,Turuvekere ,612313,Kalkere,578,504
29,KARNATAKA,571,Tumkur,5540,Turuvekere ,612314,Kallane,9,6
29,KARNATAKA,571,Tumkur,5540,Turuvekere ,612315,Ayarahalli,169,148
29,KARNATAKA,571,Tumkur,5540,Turuvekere ,612316,Sadarahalli,218,204
29,KARNATAKA,571,Tumkur,5540,Turuvekere ,612317,Basavanahalli,342,318
29,KARNATAKA,571,Tumkur,5540,Turuvekere ,612318,Chikkahalli Kaval,48,40
29,KARNATAKA,571,Tumkur,5540,Turuvekere ,612319,Marappanahalli,86,73
29,KARNATAKA,571,Tumkur,5540,Turuvekere ,612320,Govindaghatta,114,99
29,KARNATAKA,571,Tumkur,5540,Turuvekere ,612321,Hunisemaradahalli,8,5
29,KARNATAKA,571,Tumkur,5540,Turuvekere ,612322,Thandaga,618,556
29,KARNATAKA,571,Tumkur,5540,Turuvekere ,612323,Chandrapura,95,81
29,KARNATAKA,571,Tumkur,5540,Turuvekere ,612324,Aladahalli,117,108
29,KARNATAKA,571,Tumkur,5540,Turuvekere ,612325,Melnahalli,91,76
29,KARNATAKA,571,Tumkur,5540,Turuvekere ,612327,K.Mavinahalli,422,370
29,KARNATAKA,571,Tumkur,5540,Turuvekere ,612328,Kanathur,249,216
29,KARNATAKA,571,Tumkur,5540,Turuvekere ,612329,Bramhadevarahalli,48,40
29,KARNATAKA,571,Tumkur,5540,Turuvekere ,612330,Vaderahalli Kaval,8,2
29,KARNATAKA,571,Tumkur,5540,Turuvekere ,612331,Kyamasandra,150,134
29,KARNATAKA,571,Tumkur,5540,Turuvekere ,612332,Vittaladevarahalli,120,103
29,KARNATAKA,571,Tumkur,5540,Turuvekere ,612333,Kolala,190,164
29,KARNATAKA,571,Tumkur,5540,Turuvekere ,612334,Hedagihalli,65,55
29,KARNATAKA,571,Tumkur,5540,Turuvekere ,612335,Devihalli,103,88
29,KARNATAKA,571,Tumkur,5540,Turuvekere ,612336,Abalakatte,19,15
29,KARNATAKA,571,Tumkur,5540,Turuvekere ,612337,Goni Tumkur,398,346
29,KARNATAKA,571,Tumkur,5540,Turuvekere ,612338,Nagalapura,900,836
29,KARNATAKA,571,Tumkur,5540,Turuvekere ,612339,Benkikere,132,118
29,KARNATAKA,571,Tumkur,5540,Turuvekere ,612340,Obbenagasandra,106,89
29,KARNATAKA,571,Tumkur,5540,Turuvekere ,612341,Mudigere,281,259
29,KARNATAKA,571,Tumkur,5540,Turuvekere ,612342,Byadarahalli,177,161
29,KARNATAKA,571,Tumkur,5540,Turuvekere ,612343,Karadigere,163,141
29,KARNATAKA,571,Tumkur,5540,Turuvekere ,612344,Mavinakere,288,250
29,KARNATAKA,571,Tumkur,5540,Turuvekere ,612345,Rajapura,8,4
29,KARNATAKA,571,Tumkur,5540,Turuvekere ,612346,Kadesur,103,86
29,KARNATAKA,571,Tumkur,5540,Turuvekere ,612347,Devanayakanahalli,342,298
29,KARNATAKA,571,Tumkur,5540,Turuvekere ,612348,Naduvanahalli,120,103
29,KARNATAKA,571,Tumkur,5540,Turuvekere ,612349,Badagarahalli,85,78
29,KARNATAKA,571,Tumkur,5540,Turuvekere ,612350,Byadarakodigehalli,34,28
29,KARNATAKA,571,Tumkur,5540,Turuvekere ,612351,Aremallenahalli,232,204
29,KARNATAKA,571,Tumkur,5540,Turuvekere ,612352,K.Ganganahalli,58,48
29,KARNATAKA,571,Tumkur,5540,Turuvekere ,612353,Hulikal,183,158
29,KARNATAKA,571,Tumkur,5540,Turuvekere ,612354,Habakanahalli,179,155
29,KARNATAKA,571,Tumkur,5540,Turuvekere ,612355,K.Bevinahalli,202,174
29,KARNATAKA,571,Tumkur,5540,Turuvekere ,612356,Sopanahalli,73,59
29,KARNATAKA,571,Tumkur,5540,Turuvekere ,612357,Biganenahalli,209,181
29,KARNATAKA,571,Tumkur,5540,Turuvekere ,612358,Kadehalli,253,219
29,KARNATAKA,571,Tumkur,5540,Turuvekere ,612359,Kadehalli Kaval,168,150
29,KARNATAKA,571,Tumkur,5540,Turuvekere ,612360,Melinavalagerahalli,346,292
29,KARNATAKA,571,Tumkur,5540,Turuvekere ,612361,Illenahalli Kaval,22,20
29,KARNATAKA,571,Tumkur,5540,Turuvekere ,612362,Halladahosahalli,150,148
29,KARNATAKA,571,Tumkur,5540,Turuvekere ,612363,Burudehosahalli,4,3
29,KARNATAKA,571,Tumkur,5540,Turuvekere ,612364,Gottikere,179,167
29,KARNATAKA,571,Tumkur,5540,Turuvekere ,612365,Hindumaranahalli,118,103
29,KARNATAKA,571,Tumkur,5540,Turuvekere ,612366,Dabbeghatta,416,364
29,KARNATAKA,571,Tumkur,5540,Turuvekere ,612367,Benakanakere,837,818
29,KARNATAKA,571,Tumkur,5540,Turuvekere ,612368,Beechanahalli,174,156
29,KARNATAKA,571,Tumkur,5540,Turuvekere ,612369,Guralamata,577,570
29,KARNATAKA,571,Tumkur,5540,Turuvekere ,612370,Chikkonahalli,94,82
29,KARNATAKA,571,Tumkur,5540,Turuvekere ,612371,Kachihalli,286,283
29,KARNATAKA,571,Tumkur,5540,Turuvekere ,612372,Honakere,314,275
29,KARNATAKA,571,Tumkur,5540,Turuvekere ,612374,Byalahalli,398,372
29,KARNATAKA,571,Tumkur,5540,Turuvekere ,612375,Neralakatte,215,197
29,KARNATAKA,571,Tumkur,5540,Turuvekere ,612376,Malladevanahalli,173,161
29,KARNATAKA,571,Tumkur,5540,Turuvekere ,612377,Vadavanaghatta,158,151
29,KARNATAKA,571,Tumkur,5540,Turuvekere ,612378,Angadigere,97,83
29,KARNATAKA,571,Tumkur,5540,Turuvekere ,612379,Haralahalli,141,123
29,KARNATAKA,571,Tumkur,5540,Turuvekere ,612380,Bommenahalli,218,199
29,KARNATAKA,571,Tumkur,5540,Turuvekere ,612381,Chikkapura,181,162
29,KARNATAKA,571,Tumkur,5540,Turuvekere ,612382,Muthugadahalli,254,220
29,KARNATAKA,571,Tumkur,5540,Turuvekere ,612383,Anadagu,99,82
29,KARNATAKA,571,Tumkur,5540,Turuvekere ,612384,Kerevalagerehalli ,176,154
29,KARNATAKA,571,Tumkur,5540,Turuvekere ,612385,Kodinagasandra,211,184
29,KARNATAKA,571,Tumkur,5540,Turuvekere ,612386,Mayasandra,213,196
29,KARNATAKA,571,Tumkur,5540,Turuvekere ,612387,Soravanahalli,113,102
29,KARNATAKA,571,Tumkur,5540,Turuvekere ,612388,K.Dodderi,162,148
29,KARNATAKA,571,Tumkur,5540,Turuvekere ,612389,Chikkamalligere,75,64
29,KARNATAKA,571,Tumkur,5540,Turuvekere ,612390,Doddamalligerei,250,219
29,KARNATAKA,571,Tumkur,5540,Turuvekere ,612391,Kodihalli,51,45
29,KARNATAKA,571,Tumkur,5540,Turuvekere ,612392,Doddamargonahalli,102,89
29,KARNATAKA,571,Tumkur,5540,Turuvekere ,612394,Sondemargonahalli,54,47
29,KARNATAKA,571,Tumkur,5540,Turuvekere ,612395,Nagegowdana Byala,96,72
29,KARNATAKA,571,Tumkur,5540,Turuvekere ,612396,Seegehalli,192,180
29,KARNATAKA,571,Tumkur,5540,Turuvekere ,612397,Kadalagidada Kaval,10,8
29,KARNATAKA,571,Tumkur,5540,Turuvekere ,612398,Haralakere,192,160
29,KARNATAKA,571,Tumkur,5540,Turuvekere ,612399,Ittigehalli,139,120
29,KARNATAKA,571,Tumkur,5540,Turuvekere ,612400,Yaradahalli,285,281
29,KARNATAKA,571,Tumkur,5540,Turuvekere ,612401,Gainathapura,46,40
29,KARNATAKA,571,Tumkur,5540,Turuvekere ,612402,Narigehalli,52,45
29,KARNATAKA,571,Tumkur,5540,Turuvekere ,612403,Lenkanahalli,68,59
29,KARNATAKA,571,Tumkur,5540,Turuvekere ,612404,G.Dodderi,252,250
29,KARNATAKA,571,Tumkur,5540,Turuvekere ,612405,Thuyalahalli Amanikere,79,69
29,KARNATAKA,571,Tumkur,5540,Turuvekere ,612406,Mallur,104,90
29,KARNATAKA,571,Tumkur,5540,Turuvekere ,612407,Settigondanahalli,162,138
29,KARNATAKA,571,Tumkur,5540,Turuvekere ,612408,Manichendur,93,81
29,KARNATAKA,571,Tumkur,5540,Turuvekere ,612409,Hitalakoppa,28,24
29,KARNATAKA,571,Tumkur,5540,Turuvekere ,612410,Guddenahalli,67,59
29,KARNATAKA,571,Tumkur,5540,Turuvekere ,612411,Kanakur,148,129
29,KARNATAKA,571,Tumkur,5540,Turuvekere ,612412,Dasihalli,1114,1082
29,KARNATAKA,571,Tumkur,5540,Turuvekere ,612413,Jadiya,281,252
29,KARNATAKA,571,Tumkur,5540,Turuvekere ,612414,Chikkasettikere,126,110
29,KARNATAKA,571,Tumkur,5540,Turuvekere ,612415,Doddasettikere,177,157
29,KARNATAKA,571,Tumkur,5540,Turuvekere ,612416,Kallunagathihalli,96,84
29,KARNATAKA,571,Tumkur,5540,Turuvekere ,612417,Dananayakanapura Kaval,129,121
29,KARNATAKA,571,Tumkur,5540,Turuvekere ,612418,Doddabeeranakere,188,164
29,KARNATAKA,571,Tumkur,5540,Turuvekere ,612419,Chikkabeeranakere,68,59
29,KARNATAKA,571,Tumkur,5540,Turuvekere ,612420,Ramasagara,38,33
29,KARNATAKA,571,Tumkur,5540,Turuvekere ,612421,Bytharahosahalli,73,64
29,KARNATAKA,571,Tumkur,5540,Turuvekere ,612422,Varahasandra,121,96
29,KARNATAKA,571,Tumkur,5540,Turuvekere ,612423,Ambaladevanahalli,50,44
29,KARNATAKA,571,Tumkur,5540,Turuvekere ,612424,Kommaradevanahalli,80,72
29,KARNATAKA,571,Tumkur,5540,Turuvekere ,612425,Dummanahalli,177,161
29,KARNATAKA,571,Tumkur,5540,Turuvekere ,612426,Thuyalahalli,299,274
29,KARNATAKA,571,Tumkur,5540,Turuvekere ,612427,Mallenahalli,23,20
29,KARNATAKA,571,Tumkur,5540,Turuvekere ,612428,Kamanahalli,32,28
29,KARNATAKA,571,Tumkur,5540,Turuvekere ,612429,Koppa,39,34
29,KARNATAKA,571,Tumkur,5540,Turuvekere ,612430,Vittalapura,115,101
29,KARNATAKA,571,Tumkur,5540,Turuvekere ,612431,Hanchihall,91,80
29,KARNATAKA,571,Tumkur,5540,Turuvekere ,612432,Muthsandra,26,23
29,KARNATAKA,571,Tumkur,5540,Turuvekere ,612433,Tharamanakote,144,128
29,KARNATAKA,571,Tumkur,5541,Kunigal ,612435,Chottanahalli,68,68
29,KARNATAKA,571,Tumkur,5541,Kunigal ,612436,Vogaragere,156,154
29,KARNATAKA,571,Tumkur,5541,Kunigal ,612437,Jiddigere,187,168
29,KARNATAKA,571,Tumkur,5541,Kunigal ,612438,Heddigere,124,106
29,KARNATAKA,571,Tumkur,5541,Kunigal ,612439,Shettibeedu,335,290
29,KARNATAKA,571,Tumkur,5541,Kunigal ,612440,Kotekere,49,43
29,KARNATAKA,571,Tumkur,5541,Kunigal ,612441,Thuruganoor,92,79
29,KARNATAKA,571,Tumkur,5541,Kunigal ,612442,Hurulagere,59,57
29,KARNATAKA,571,Tumkur,5541,Kunigal ,612444,Alalapura,37,31
29,KARNATAKA,571,Tumkur,5541,Kunigal ,612445,Devarakannasandra,32,27
29,KARNATAKA,571,Tumkur,5541,Kunigal ,612446,K. Hampapura,208,181
29,KARNATAKA,571,Tumkur,5541,Kunigal ,612447,Yellapura,97,94
29,KARNATAKA,571,Tumkur,5541,Kunigal ,612448,Kanchagalapura,56,48
29,KARNATAKA,571,Tumkur,5541,Kunigal ,612449,Madhure Kaval,72,62
29,KARNATAKA,571,Tumkur,5541,Kunigal ,612450,M. Huruliborasandra,11,9
29,KARNATAKA,571,Tumkur,5541,Kunigal ,612451,Kodipalya,196,187
29,KARNATAKA,571,Tumkur,5541,Kunigal ,612452,Shingatihalli,50,43
29,KARNATAKA,571,Tumkur,5541,Kunigal ,612453,Chikkamadure,198,184
29,KARNATAKA,571,Tumkur,5541,Kunigal ,612454,Doddamadure,280,246
29,KARNATAKA,571,Tumkur,5541,Kunigal ,612455,Hulivana,131,114
29,KARNATAKA,571,Tumkur,5541,Kunigal ,612456,Hulipura,51,44
29,KARNATAKA,571,Tumkur,5541,Kunigal ,612457,Nagasandra,422,418
29,KARNATAKA,571,Tumkur,5541,Kunigal ,612458,Kantanahalli Mavinahalli,26,21
29,KARNATAKA,571,Tumkur,5541,Kunigal ,612459,Kantanahalli,85,73
29,KARNATAKA,571,Tumkur,5541,Kunigal ,612460,Byadarahalli,56,53
29,KARNATAKA,571,Tumkur,5541,Kunigal ,612461,Thuvekere,326,324
29,KARNATAKA,571,Tumkur,5541,Kunigal ,612462,Hadonahalli,103,89
29,KARNATAKA,571,Tumkur,5541,Kunigal ,612463,Kannaguni,132,127
29,KARNATAKA,571,Tumkur,5541,Kunigal ,612465,Siddapura,132,114
29,KARNATAKA,571,Tumkur,5541,Kunigal ,612466,Byaladakere,329,304
29,KARNATAKA,571,Tumkur,5541,Kunigal ,612467,Manavalli,60,51
29,KARNATAKA,571,Tumkur,5541,Kunigal ,612468,Mallanaikanahalli,65,56
29,KARNATAKA,571,Tumkur,5541,Kunigal ,612469,Sheshapura,22,18
29,KARNATAKA,571,Tumkur,5541,Kunigal ,612470,Gottikere,169,150
29,KARNATAKA,571,Tumkur,5541,Kunigal ,612471,Thattekere,47,40
29,KARNATAKA,571,Tumkur,5541,Kunigal ,612472,Jaladagere,232,224
29,KARNATAKA,571,Tumkur,5541,Kunigal ,612473,Koppa,262,245
29,KARNATAKA,571,Tumkur,5541,Kunigal ,612474,Vaddarakatte Kaval,8,5
29,KARNATAKA,571,Tumkur,5541,Kunigal ,612475,Avaragere,97,84
29,KARNATAKA,571,Tumkur,5541,Kunigal ,612476,Kaggere,292,271
29,KARNATAKA,571,Tumkur,5541,Kunigal ,612477,Dasanapura,41,38
29,KARNATAKA,571,Tumkur,5541,Kunigal ,612478,Chottanahallianc Hantha,13,10
29,KARNATAKA,571,Tumkur,5541,Kunigal ,612480,Basavanamathikere,217,205
29,KARNATAKA,571,Tumkur,5541,Kunigal ,612481,Nademavinapurada Amruth Mahal Kaval,15,12
29,KARNATAKA,571,Tumkur,5541,Kunigal ,612482,Singonahalli,154,122
29,KARNATAKA,571,Tumkur,5541,Kunigal ,612483,Thippur,399,394
29,KARNATAKA,571,Tumkur,5541,Kunigal ,612484,Chakenahalli,132,114
29,KARNATAKA,571,Tumkur,5541,Kunigal ,612485,Beeragonahalli,169,163
29,KARNATAKA,571,Tumkur,5541,Kunigal ,612486,Hosahalli,80,75
29,KARNATAKA,571,Tumkur,5541,Kunigal ,612487,Y. Hampapura,30,25
29,KARNATAKA,571,Tumkur,5541,Kunigal ,612488,Ragihalli,18,15
29,KARNATAKA,571,Tumkur,5541,Kunigal ,612489,Yediyur,261,227
29,KARNATAKA,571,Tumkur,5541,Kunigal ,612490,Sompurada Kaval,190,165
29,KARNATAKA,571,Tumkur,5541,Kunigal ,612491,Chikkanahalli,60,51
29,KARNATAKA,571,Tumkur,5541,Kunigal ,612492,Mangala,438,436
29,KARNATAKA,571,Tumkur,5541,Kunigal ,612493,Mantya,128,118
29,KARNATAKA,571,Tumkur,5541,Kunigal ,612494,Singonahalli Agrahara,106,103
29,KARNATAKA,571,Tumkur,5541,Kunigal ,612495,Nademavinapurada Ane Hantha,30,25
29,KARNATAKA,571,Tumkur,5541,Kunigal ,612496,Gowdagere,263,239
29,KARNATAKA,571,Tumkur,5541,Kunigal ,612497, Huruliborasandra,141,137
29,KARNATAKA,571,Tumkur,5541,Kunigal ,612498,Singonahalli,207,194
29,KARNATAKA,571,Tumkur,5541,Kunigal ,612499,Vanigere Kaval,177,174
29,KARNATAKA,571,Tumkur,5541,Kunigal ,612500,Kamanahalli,148,134
29,KARNATAKA,571,Tumkur,5541,Kunigal ,612501,Doddamalalavadi,243,220
29,KARNATAKA,571,Tumkur,5541,Kunigal ,612502,Halugonahalli,110,100
29,KARNATAKA,571,Tumkur,5541,Kunigal ,612503,Chikkamalalavadi,351,327
29,KARNATAKA,571,Tumkur,5541,Kunigal ,612504,Chikkamalalavadi Chathurbaga,38,33
29,KARNATAKA,571,Tumkur,5541,Kunigal ,612506,Sulekuppe Kaval,318,313
29,KARNATAKA,571,Tumkur,5541,Kunigal ,612507,Sulekuppe,122,119
29,KARNATAKA,571,Tumkur,5541,Kunigal ,612508,Naganahalli,232,216
29,KARNATAKA,571,Tumkur,5541,Kunigal ,612509,Shettikere Chathurbaga,41,39
29,KARNATAKA,571,Tumkur,5541,Kunigal ,612511,Kurudihalli,289,243
29,KARNATAKA,571,Tumkur,5541,Kunigal ,612512,Voddarakuppe,85,82
29,KARNATAKA,571,Tumkur,5541,Kunigal ,612513,Baktharahalli,133,118
29,KARNATAKA,571,Tumkur,5541,Kunigal ,612514,Vanigere,156,150
29,KARNATAKA,571,Tumkur,5541,Kunigal ,612518,Madike Kannasandra,83,80
29,KARNATAKA,571,Tumkur,5541,Kunigal ,612519,Bommadigere,133,121
29,KARNATAKA,571,Tumkur,5541,Kunigal ,612520,Dasanapura,150,141
29,KARNATAKA,571,Tumkur,5541,Kunigal ,612521,Rangaswamy Bettada Kaval,40,33
29,KARNATAKA,571,Tumkur,5541,Kunigal ,612522,Menasinahalli,127,124
29,KARNATAKA,571,Tumkur,5541,Kunigal ,612524,Nagalapura,11,9
29,KARNATAKA,571,Tumkur,5541,Kunigal ,612525,Janagere,181,163
29,KARNATAKA,571,Tumkur,5541,Kunigal ,612526,Kodihalli,233,210
29,KARNATAKA,571,Tumkur,5541,Kunigal ,612527,Hosahalli,119,109
29,KARNATAKA,571,Tumkur,5541,Kunigal ,612528,Kothagere Amanikere,44,41
29,KARNATAKA,571,Tumkur,5541,Kunigal ,612529,Kothagere,501,492
29,KARNATAKA,571,Tumkur,5541,Kunigal ,612530,Honnenahalli,148,128
29,KARNATAKA,571,Tumkur,5541,Kunigal ,612531,Kurudihalli Chathurbaga,82,71
29,KARNATAKA,571,Tumkur,5541,Kunigal ,612532,Bagenahalli,347,312
29,KARNATAKA,571,Tumkur,5541,Kunigal ,612533,Sobaganahalli,217,194
29,KARNATAKA,571,Tumkur,5541,Kunigal ,612534,Nilathahalli Kaval,8,5
29,KARNATAKA,571,Tumkur,5541,Kunigal ,612535,Kempasagara,188,179
29,KARNATAKA,571,Tumkur,5541,Kunigal ,612536,Nilathahalli Ane ,6,4
29,KARNATAKA,571,Tumkur,5541,Kunigal ,612537,Nilathahalli,192,188
29,KARNATAKA,571,Tumkur,5541,Kunigal ,612539,Somedevarapalya,95,82
29,KARNATAKA,571,Tumkur,5541,Kunigal ,612540,Gottikere Hantha,9,7
29,KARNATAKA,571,Tumkur,5541,Kunigal ,612541,Gottikere,321,302
29,KARNATAKA,571,Tumkur,5541,Kunigal ,612542,Kallanaikanahalli,297,272
29,KARNATAKA,571,Tumkur,5541,Kunigal ,612543,A. Hosahalli,180,160
29,KARNATAKA,571,Tumkur,5541,Kunigal ,612544,Alkere,177,154
29,KARNATAKA,571,Tumkur,5541,Kunigal ,612545,Kogatta,94,82
29,KARNATAKA,571,Tumkur,5541,Kunigal ,612546,Bommenahalli,178,173
29,KARNATAKA,571,Tumkur,5541,Kunigal ,612547,Bukkasagara,63,54
29,KARNATAKA,571,Tumkur,5541,Kunigal ,612548,Yeliyur,338,331
29,KARNATAKA,571,Tumkur,5541,Kunigal ,612549,Kundur,120,104
29,KARNATAKA,571,Tumkur,5541,Kunigal ,612550,Rajagere,182,180
29,KARNATAKA,571,Tumkur,5541,Kunigal ,612551,Sondalagere,349,338
29,KARNATAKA,571,Tumkur,5541,Kunigal ,612552,Huthri,362,338
29,KARNATAKA,571,Tumkur,5541,Kunigal ,612553,Thattasandra,146,131
29,KARNATAKA,571,Tumkur,5541,Kunigal ,612554,Devasthanada Dasanapura,14,11
29,KARNATAKA,571,Tumkur,5541,Kunigal ,612555,Kathrigatta,159,146
29,KARNATAKA,571,Tumkur,5541,Kunigal ,612556,Hosur,104,90
29,KARNATAKA,571,Tumkur,5541,Kunigal ,612557,Huluvagilu,397,377
29,KARNATAKA,571,Tumkur,5541,Kunigal ,612558,Taremaradapalya,24,20
29,KARNATAKA,571,Tumkur,5541,Kunigal ,612559,Beemanapura,54,47
29,KARNATAKA,571,Tumkur,5541,Kunigal ,612560,Kempanahalli,111,98
29,KARNATAKA,571,Tumkur,5541,Kunigal ,612561,Nittur,289,280
29,KARNATAKA,571,Tumkur,5541,Kunigal ,612562,Gantaganahalli,443,413
29,KARNATAKA,571,Tumkur,5541,Kunigal ,612563,Gujjenahalli,94,86
29,KARNATAKA,571,Tumkur,5541,Kunigal ,612564,Hosakere,98,98
29,KARNATAKA,571,Tumkur,5541,Kunigal ,612565,Kadaramanahalli,83,72
29,KARNATAKA,571,Tumkur,5541,Kunigal ,612566,Thippanaikanahalli,508,479
29,KARNATAKA,571,Tumkur,5541,Kunigal ,612567,Seenappanahalli,313,309
29,KARNATAKA,571,Tumkur,5541,Kunigal ,612568,Kadasinganahalli,236,230
29,KARNATAKA,571,Tumkur,5541,Kunigal ,612569,Muganapura,169,153
29,KARNATAKA,571,Tumkur,5541,Kunigal ,612570,Yelachavadi Gullahallipura,194,185
29,KARNATAKA,571,Tumkur,5541,Kunigal ,612571,Huthridurga,705,677
29,KARNATAKA,571,Tumkur,5541,Kunigal ,612572,Lingadevarana Palya,61,55
29,KARNATAKA,571,Tumkur,5541,Kunigal ,612573,Hodagatta,227,224
29,KARNATAKA,571,Tumkur,5541,Kunigal ,612574,Yelagalavadi,428,423
29,KARNATAKA,571,Tumkur,5541,Kunigal ,612575,Hosahalli,210,192
29,KARNATAKA,571,Tumkur,5541,Kunigal ,612576,Giddadasanapura,65,56
29,KARNATAKA,571,Tumkur,5541,Kunigal ,612577,Naganahalli,461,461
29,KARNATAKA,571,Tumkur,5541,Kunigal ,612578,Hunusekuppe,120,103
29,KARNATAKA,571,Tumkur,5541,Kunigal ,612580,Kenkere,102,86
29,KARNATAKA,571,Tumkur,5541,Kunigal ,612581,Boralinganapalya,301,260
29,KARNATAKA,571,Tumkur,5541,Kunigal ,612582,Muthugadahalli,217,210
29,KARNATAKA,571,Tumkur,5541,Kunigal ,612583,Ramabanada Hantha,70,61
29,KARNATAKA,571,Tumkur,5541,Kunigal ,612584,Gangadahalli,17,14
29,KARNATAKA,571,Tumkur,5541,Kunigal ,612585,Kunigal Bagayath,15,12
29,KARNATAKA,571,Tumkur,5541,Kunigal ,612586,Kunigal (Rural),15,12
29,KARNATAKA,571,Tumkur,5541,Kunigal ,612587,Mallagatta,35,30
29,KARNATAKA,571,Tumkur,5541,Kunigal ,612588,Bidanagere,21,17
29,KARNATAKA,571,Tumkur,5541,Kunigal ,612589,Kutharahalli,205,201
29,KARNATAKA,571,Tumkur,5541,Kunigal ,612590,Byranaikanahalli,29,29
29,KARNATAKA,571,Tumkur,5541,Kunigal ,612591,Channapura,225,208
29,KARNATAKA,571,Tumkur,5541,Kunigal ,612592,Begur,423,372
29,KARNATAKA,571,Tumkur,5541,Kunigal ,612593,Shettigehalli,346,344
29,KARNATAKA,571,Tumkur,5541,Kunigal ,612594,Kothipura,220,198
29,KARNATAKA,571,Tumkur,5541,Kunigal ,612595,Begur Amanikere,51,44
29,KARNATAKA,571,Tumkur,5541,Kunigal ,612596,Herur Kanchagalapura,8,1
29,KARNATAKA,571,Tumkur,5541,Kunigal ,612597,Jodi Krishnaraja Sagara ,33,28
29,KARNATAKA,571,Tumkur,5541,Kunigal ,612598,Lakshmidevi Hantha,14,11
29,KARNATAKA,571,Tumkur,5541,Kunigal ,612599,Belidevalaya,461,443
29,KARNATAKA,571,Tumkur,5541,Kunigal ,612600,Urukehalli,83,72
29,KARNATAKA,571,Tumkur,5541,Kunigal ,612601,Chottanahalli,221,202
29,KARNATAKA,571,Tumkur,5541,Kunigal ,612602,Theppasandra,206,203
29,KARNATAKA,571,Tumkur,5541,Kunigal ,612603,Lalapura,114,106
29,KARNATAKA,571,Tumkur,5541,Kunigal ,612604,Sarakari Krishnaraja ,296,258
29,KARNATAKA,571,Tumkur,5541,Kunigal ,612605,Herur,444,439
29,KARNATAKA,571,Tumkur,5541,Kunigal ,612606,Arakere Amanikere,189,164
29,KARNATAKA,571,Tumkur,5541,Kunigal ,612607,Arakere,219,194
29,KARNATAKA,571,Tumkur,5541,Kunigal ,612608,Gavimata,45,38
29,KARNATAKA,571,Tumkur,5541,Kunigal ,612609,Hanumapura,88,75
29,KARNATAKA,571,Tumkur,5541,Kunigal ,612610,Kadamathikere,265,233
29,KARNATAKA,571,Tumkur,5541,Kunigal ,612611,Kithanamangala Amanikere,6,4
29,KARNATAKA,571,Tumkur,5541,Kunigal ,612612,Kithanamangala Chaturbhaga,8,5
29,KARNATAKA,571,Tumkur,5541,Kunigal ,612613,Hithalahalli,196,173
29,KARNATAKA,571,Tumkur,5541,Kunigal ,612614,Kithanamangala,490,485
29,KARNATAKA,571,Tumkur,5541,Kunigal ,612615,T. Hosahalli,48,41
29,KARNATAKA,571,Tumkur,5541,Kunigal ,612616,Yachagatta,150,130
29,KARNATAKA,571,Tumkur,5541,Kunigal ,612617,Dasanapura,34,29
29,KARNATAKA,571,Tumkur,5541,Kunigal ,612618,Borasandra,69,59
29,KARNATAKA,571,Tumkur,5541,Kunigal ,612619,Tharikere,177,173
29,KARNATAKA,571,Tumkur,5541,Kunigal ,612620,Handalakuppe,48,41
29,KARNATAKA,571,Tumkur,5541,Kunigal ,612621,Hangrahalli,184,176
29,KARNATAKA,571,Tumkur,5541,Kunigal ,612622,Santhemavathur,348,343
29,KARNATAKA,571,Tumkur,5541,Kunigal ,612623,Arepalya,60,51
29,KARNATAKA,571,Tumkur,5541,Kunigal ,612624,Kadarapura,151,134
29,KARNATAKA,571,Tumkur,5541,Kunigal ,612625,Kempanahalli,279,279
29,KARNATAKA,571,Tumkur,5541,Kunigal ,612626,Kallanaikanahalli,168,168
29,KARNATAKA,571,Tumkur,5541,Kunigal ,612627,Heggadathihalli,221,203
29,KARNATAKA,571,Tumkur,5541,Kunigal ,612628,Modur,223,220
29,KARNATAKA,571,Tumkur,5541,Kunigal ,612629,Hosur,55,47
29,KARNATAKA,571,Tumkur,5541,Kunigal ,612630,Budanahalli,52,44
29,KARNATAKA,571,Tumkur,5541,Kunigal ,612631,Pavasandra,128,111
29,KARNATAKA,571,Tumkur,5541,Kunigal ,612632,Kurubarashettihalli,20,16
29,KARNATAKA,571,Tumkur,5541,Kunigal ,612633,Hosur,73,73
29,KARNATAKA,571,Tumkur,5541,Kunigal ,612634,Kithagatta,15,12
29,KARNATAKA,571,Tumkur,5541,Kunigal ,612635,Kachanahalli,20,16
29,KARNATAKA,571,Tumkur,5541,Kunigal ,612636,Taggikuppe,8,3
29,KARNATAKA,571,Tumkur,5541,Kunigal ,612637,Kodavathi,204,200
29,KARNATAKA,571,Tumkur,5541,Kunigal ,612638,Markonahalli,177,154
29,KARNATAKA,571,Tumkur,5541,Kunigal ,612639,Sunnadapura,24,20
29,KARNATAKA,571,Tumkur,5541,Kunigal ,612640,Tubinakere,149,129
29,KARNATAKA,571,Tumkur,5541,Kunigal ,612641,Devarayanapalya,28,23
29,KARNATAKA,571,Tumkur,5541,Kunigal ,612642,Madihalli,111,99
29,KARNATAKA,571,Tumkur,5541,Kunigal ,612643,Sankenapura,149,140
29,KARNATAKA,571,Tumkur,5541,Kunigal ,612644,Narayanapura,18,15
29,KARNATAKA,571,Tumkur,5541,Kunigal ,612645,Holalagunda,86,74
29,KARNATAKA,571,Tumkur,5541,Kunigal ,612646,Hosapura,74,62
29,KARNATAKA,571,Tumkur,5541,Kunigal ,612647,Hosahalli,233,233
29,KARNATAKA,571,Tumkur,5541,Kunigal ,612648,Mallapura,65,56
29,KARNATAKA,571,Tumkur,5541,Kunigal ,612649,Sondekoppe,144,142
29,KARNATAKA,571,Tumkur,5541,Kunigal ,612650,Kodagihalli,547,543
29,KARNATAKA,571,Tumkur,5541,Kunigal ,612651,Chinnahalli,88,76
29,KARNATAKA,571,Tumkur,5541,Kunigal ,612652,Hanumapura,85,85
29,KARNATAKA,571,Tumkur,5541,Kunigal ,612653,Kadashettyhalli,215,202
29,KARNATAKA,571,Tumkur,5541,Kunigal ,612654,Besinele,160,143
29,KARNATAKA,571,Tumkur,5541,Kunigal ,612655,Kaggalapura,5,3
29,KARNATAKA,571,Tumkur,5541,Kunigal ,612656,Thorehalli,47,40
29,KARNATAKA,571,Tumkur,5541,Kunigal ,612657,Kerengor,81,70
29,KARNATAKA,571,Tumkur,5541,Kunigal ,612658,Shanuboganahalli,94,89
29,KARNATAKA,571,Tumkur,5541,Kunigal ,612659,Yachanahalli,31,26
29,KARNATAKA,571,Tumkur,5541,Kunigal ,612660,Amruthur,1264,1251
29,KARNATAKA,571,Tumkur,5541,Kunigal ,612661,Puttanapalya,46,39
29,KARNATAKA,571,Tumkur,5541,Kunigal ,612662,Raghavana Hosur,127,115
29,KARNATAKA,571,Tumkur,5541,Kunigal ,612663,Korati,101,98
29,KARNATAKA,571,Tumkur,5541,Kunigal ,612664,Handalagere,63,48
29,KARNATAKA,571,Tumkur,5541,Kunigal ,612665,Beligere,67,58
29,KARNATAKA,571,Tumkur,5541,Kunigal ,612666,Hosakere,442,384
29,KARNATAKA,571,Tumkur,5541,Kunigal ,612667,Kachonahalli,69,59
29,KARNATAKA,571,Tumkur,5541,Kunigal ,612668,Bettahalli,336,333
29,KARNATAKA,571,Tumkur,5541,Kunigal ,612669,Chikkajjanahalli,15,12
29,KARNATAKA,571,Tumkur,5541,Kunigal ,612670,Padavagere,250,243
29,KARNATAKA,571,Tumkur,5541,Kunigal ,612671,Jinnagara,391,346
29,KARNATAKA,571,Tumkur,5541,Kunigal ,612672,Shettipura,70,60
29,KARNATAKA,571,Tumkur,5541,Kunigal ,612673,Halagere,457,451
29,KARNATAKA,571,Tumkur,5541,Kunigal ,612674,Honnamachanahalli,578,569
29,KARNATAKA,571,Tumkur,5541,Kunigal ,612675,Voddarahalli,21,18
29,KARNATAKA,571,Tumkur,5541,Kunigal ,612676,Kuppe,197,171
29,KARNATAKA,571,Tumkur,5541,Kunigal ,612677,Sanaba,327,301
29,KARNATAKA,571,Tumkur,5541,Kunigal ,612678,Kantanahalli,104,104
29,KARNATAKA,571,Tumkur,5541,Kunigal ,612679,Doddakallahalli,167,145
29,KARNATAKA,571,Tumkur,5541,Kunigal ,612681,Benavara,136,126
29,KARNATAKA,571,Tumkur,5541,Kunigal ,612682,Kodihalli,123,107
29,KARNATAKA,571,Tumkur,5541,Kunigal ,612683,Sanabagatta,212,191
29,KARNATAKA,571,Tumkur,5541,Kunigal ,612684,Byadagere,170,148
29,KARNATAKA,571,Tumkur,5541,Kunigal ,612685,Kagganahalli,36,30
29,KARNATAKA,571,Tumkur,5541,Kunigal ,612686,Keelara,423,373
29,KARNATAKA,571,Tumkur,5541,Kunigal ,612687,Hanchipura,151,137
29,KARNATAKA,571,Tumkur,5541,Kunigal ,612688,Chandanahalli,154,141
29,KARNATAKA,571,Tumkur,5541,Kunigal ,612689,Arjunahalli,370,348
29,KARNATAKA,571,Tumkur,5541,Kunigal ,612690,Yadavanne,378,347
29,KARNATAKA,571,Tumkur,5541,Kunigal ,612691,Ungra,228,209
29,KARNATAKA,571,Tumkur,5541,Kunigal ,612692,Pallerayanahalli,87,85
29,KARNATAKA,571,Tumkur,5541,Kunigal ,612693,Lakshmipura,115,112
29,KARNATAKA,571,Tumkur,5541,Kunigal ,612694,Kichavadi,138,134
29,KARNATAKA,571,Tumkur,5541,Kunigal ,612695,Madagonahalli,211,207
29,KARNATAKA,571,Tumkur,5541,Kunigal ,612696,Doddamavathur,124,108
29,KARNATAKA,571,Tumkur,5541,Kunigal ,612697,Chikkamavathur,357,319
29,KARNATAKA,571,Tumkur,5541,Kunigal ,612698,Bolenahalli,41,36
29,KARNATAKA,571,Tumkur,5541,Kunigal ,612699,Madappanahalli,222,194
29,KARNATAKA,571,Tumkur,5541,Kunigal ,612700,Nagathihalli,77,67
29,KARNATAKA,571,Tumkur,5541,Kunigal ,612701,Yedehalli,102,99
29,KARNATAKA,571,Tumkur,5541,Kunigal ,612702,Byadarahalli,141,127
29,KARNATAKA,571,Tumkur,5541,Kunigal ,612703,Neelasandra,144,126
29,KARNATAKA,571,Tumkur,5541,Kunigal ,612704,Herohalli,293,272
29,KARNATAKA,571,Tumkur,5541,Kunigal ,612705,Ankanahalli,42,36
29,KARNATAKA,571,Tumkur,5541,Kunigal ,612706,Chikkonahalli,410,388
29,KARNATAKA,571,Tumkur,5541,Kunigal ,612707,Chowdanakuppe,295,281
29,KARNATAKA,571,Tumkur,5541,Kunigal ,612708,Voddarakempapura,39,34
29,KARNATAKA,571,Tumkur,5541,Kunigal ,612709,Guddethippasandra,106,97
29,KARNATAKA,571,Tumkur,5541,Kunigal ,612710,K.G. Muthenahalli,36,31
29,KARNATAKA,571,Tumkur,5541,Kunigal ,612711,Singonahalli,66,66
29,KARNATAKA,571,Tumkur,5541,Kunigal ,612712,Beeragonahalli,413,361
29,KARNATAKA,571,Tumkur,5541,Kunigal ,612713,Hosahalli,840,752
29,KARNATAKA,571,Tumkur,5541,Kunigal ,612714,Hasige Hobli,382,340
29,KARNATAKA,571,Tumkur,5541,Kunigal ,612715,Halevoor,490,479
29,KARNATAKA,571,Tumkur,5541,Kunigal ,612716,Kebballi,62,54
29,KARNATAKA,571,Tumkur,5541,Kunigal ,612717,Sonnaikanahalli,17,15
29,KARNATAKA,571,Tumkur,5541,Kunigal ,612718,Sugganahalli,161,141
29,KARNATAKA,571,Tumkur,5541,Kunigal ,612719,Pura,150,138
29,KARNATAKA,571,Tumkur,5541,Kunigal ,612720,Bommenahalli,142,124
29,KARNATAKA,571,Tumkur,5541,Kunigal ,612721,Kodavathi,128,112
29,KARNATAKA,571,Tumkur,5541,Kunigal ,612722,Byranaikanahalli,229,200
29,KARNATAKA,571,Tumkur,5541,Kunigal ,612723,Bandihalli,542,484
29,KARNATAKA,571,Tumkur,5541,Kunigal ,612724,Lakkashettypura,27,24
29,KARNATAKA,571,Tumkur,5541,Kunigal ,612725,Kampalapura,90,79
29,KARNATAKA,571,Tumkur,5541,Kunigal ,612726,Kenkere,87,87
29,KARNATAKA,571,Tumkur,5541,Kunigal ,612727,Shringarasagra,339,307
29,KARNATAKA,571,Tumkur,5541,Kunigal ,612728,Huliyurdurga,2095,2088
29,KARNATAKA,571,Tumkur,5541,Kunigal ,612729,K.G.Devapattana,191,174
29,KARNATAKA,571,Tumkur,5541,Kunigal ,612730,Benachakallu,96,84
29,KARNATAKA,571,Tumkur,5541,Kunigal ,612731,Hangarahalli,104,91
29,KARNATAKA,571,Tumkur,5541,Kunigal ,612732,Hulikatte,126,124
29,KARNATAKA,571,Tumkur,5541,Kunigal ,612733,Kenchanahalli,351,347
29,KARNATAKA,571,Tumkur,5541,Kunigal ,612734,Gangapura,10,9
29,KARNATAKA,571,Tumkur,5541,Kunigal ,612735,Kempanahalli,476,459
29,KARNATAKA,571,Tumkur,5541,Kunigal ,612736,Handalagere,279,262
29,KARNATAKA,571,Tumkur,5541,Kunigal ,612737,Thavarekere,514,506
29,KARNATAKA,571,Tumkur,5541,Kunigal ,612738,Kachihalli,160,140
29,KARNATAKA,571,Tumkur,5541,Kunigal ,612739,Byadarahalli,1024,966
29,KARNATAKA,571,Tumkur,5541,Kunigal ,612740,Yelekadakalu,207,180
29,KARNATAKA,571,Tumkur,5541,Kunigal ,612741,Devasandra,91,80
29,KARNATAKA,571,Tumkur,5541,Kunigal ,612742,Ujjani,520,511
29,KARNATAKA,571,Tumkur,5541,Kunigal ,612743,Hithalapura,121,101
29,KARNATAKA,571,Tumkur,5541,Kunigal ,612745,Hunuganahalli,66,58
29,KARNATAKA,571,Tumkur,5541,Kunigal ,612747,Shivanahalli,85,74
29,KARNATAKA,571,Tumkur,5541,Kunigal ,612748,Chalamasandra,325,295
29,KARNATAKA,572,Bangalore,5542,Bangalore North,612749,Gopalapura,1,1
29,KARNATAKA,572,Bangalore,5542,Bangalore North,612757,Huskur,1,1
29,KARNATAKA,572,Bangalore,5542,Bangalore North,612763,Pillahalli,1,1
29,KARNATAKA,572,Bangalore,5542,Bangalore North,612764,Nagarur,1,1
29,KARNATAKA,572,Bangalore,5542,Bangalore North,612766,Seshagiri Rao Palya,1,1
29,KARNATAKA,572,Bangalore,5542,Bangalore North,612767,Mariyanapalya,1,1
29,KARNATAKA,572,Bangalore,5542,Bangalore North,612772,Vaderahalli,1,1
29,KARNATAKA,572,Bangalore,5542,Bangalore North,612773,Alur,1,1
29,KARNATAKA,572,Bangalore,5542,Bangalore North,612774,Kuduragere,1,1
29,KARNATAKA,572,Bangalore,5542,Bangalore North,612775,Thammenahalli,1,1
29,KARNATAKA,572,Bangalore,5542,Bangalore North,612781,Gejjagadahalli,1,1
29,KARNATAKA,572,Bangalore,5542,Bangalore North,612783,Byregowdanahalli,2,2
29,KARNATAKA,572,Bangalore,5542,Bangalore North,612787,Shivanapura,1,1
29,KARNATAKA,572,Bangalore,5542,Bangalore North,612788,Gowdahalli,1,1
29,KARNATAKA,572,Bangalore,5542,Bangalore North,612791,Madavara,1,1
29,KARNATAKA,572,Bangalore,5542,Bangalore North,612794,Gavipalya,1,1
29,KARNATAKA,572,Bangalore,5542,Bangalore North,612800,Mallasandra,1,1
29,KARNATAKA,572,Bangalore,5542,Bangalore North,612805,K.G.Srikantapura,1,1
29,KARNATAKA,572,Bangalore,5542,Bangalore North,612807,K.G. Lakkenahalli,2,2
29,KARNATAKA,572,Bangalore,5542,Bangalore North,612810,Kittana Halli,2,2
29,KARNATAKA,572,Bangalore,5542,Bangalore North,612811,Gattisiddanahalli,1,1
29,KARNATAKA,572,Bangalore,5542,Bangalore North,612814,Byandahalli,1,1
29,KARNATAKA,572,Bangalore,5542,Bangalore North,612816,Machohalli,1,1
29,KARNATAKA,572,Bangalore,5542,Bangalore North,612817,Kachohalli,2,2
29,KARNATAKA,572,Bangalore,5542,Bangalore North,612821,Thirumalapura,1,1
29,KARNATAKA,572,Bangalore,5542,Bangalore North,612822,Kodigehalli(Part),2,2
29,KARNATAKA,572,Bangalore,5542,Bangalore North,612824,Kannahalli,2,2
29,KARNATAKA,572,Bangalore,5542,Bangalore North,612825,Manganahalli,4,4
29,KARNATAKA,572,Bangalore,5542,Bangalore North,612832,Marasandra Amanikere,1,1
29,KARNATAKA,572,Bangalore,5542,Bangalore North,612833,Suradenpura,1,1
29,KARNATAKA,572,Bangalore,5542,Bangalore North,612834,Adde Vishwanathapura,890,866
29,KARNATAKA,572,Bangalore,5542,Bangalore North,612835,Arakere,1,1
29,KARNATAKA,572,Bangalore,5542,Bangalore North,612841,Kakolu,1,1
29,KARNATAKA,572,Bangalore,5542,Bangalore North,612843,Shanubhoganahalli,1,1
29,KARNATAKA,572,Bangalore,5542,Bangalore North,612845,Sreeramanahalli,257,202
29,KARNATAKA,572,Bangalore,5542,Bangalore North,612846,Sadenahalli,215,202
29,KARNATAKA,572,Bangalore,5542,Bangalore North,612847,Adiganahalli,305,290
29,KARNATAKA,572,Bangalore,5542,Bangalore North,612848,Rajanukunte,1,1
29,KARNATAKA,572,Bangalore,5542,Bangalore North,612849,Ittagallpura,1,1
29,KARNATAKA,572,Bangalore,5542,Bangalore North,612850,Dibburu,1,1
29,KARNATAKA,572,Bangalore,5542,Bangalore North,612853,Hesaraghatta Grass Farm,1,1
29,KARNATAKA,572,Bangalore,5542,Bangalore North,612859,Madappanahalli,1,1
29,KARNATAKA,572,Bangalore,5542,Bangalore North,612865,Hesaraghatta,2,2
29,KARNATAKA,572,Bangalore,5542,Bangalore North,612872,Bylakere,1,1
29,KARNATAKA,572,Bangalore,5542,Bangalore North,612874,Lingarajasagara,1,1
29,KARNATAKA,572,Bangalore,5542,Bangalore North,612875,Kasagattapura,2,2
29,KARNATAKA,572,Bangalore,5542,Bangalore North,612876,Hurali Chikkanahalli,1,1
29,KARNATAKA,572,Bangalore,5542,Bangalore North,612877,Tharabana Halli,1,1
29,KARNATAKA,572,Bangalore,5542,Bangalore North,612881,Kempapura,2,2
29,KARNATAKA,572,Bangalore,5542,Bangalore North,612882,Kalathammanahalli,1,1
29,KARNATAKA,572,Bangalore,5542,Bangalore North,612883,Guniagrahara,1,1
29,KARNATAKA,572,Bangalore,5542,Bangalore North,612884,Tarahunase,1,1
29,KARNATAKA,572,Bangalore,5542,Bangalore North,612888,Navarathna Agrahara,1,1
29,KARNATAKA,572,Bangalore,5542,Bangalore North,612897,Chikkajala,1,1
29,KARNATAKA,572,Bangalore,5542,Bangalore North,612899,Doddajala,1,1
29,KARNATAKA,572,Bangalore,5542,Bangalore North,612906,Doddajala Amanikere,1,1
29,KARNATAKA,572,Bangalore,5542,Bangalore North,612915,Bagalur,1,1
29,KARNATAKA,572,Bangalore,5542,Bangalore North,612918,Bandikodegehalli Amanikere,1,1
29,KARNATAKA,572,Bangalore,5542,Bangalore North,612919,Bandi Kodigehalli Palya,1,1
29,KARNATAKA,572,Bangalore,5542,Bangalore North,612921,Dummanur,1,1
29,KARNATAKA,572,Bangalore,5542,Bangalore North,612930,Marasandra,1,1
29,KARNATAKA,572,Bangalore,5542,Bangalore North,612933,Singanayakanahalli Amanikere,1,1
29,KARNATAKA,572,Bangalore,5542,Bangalore North,612938,Krishnasagara,1,1
29,KARNATAKA,572,Bangalore,5542,Bangalore North,612945,Vaderahalli,1,1
29,KARNATAKA,572,Bangalore,5542,Bangalore North,612950,Chikkabanavara (CT),3,3
29,KARNATAKA,572,Bangalore,5542,Bangalore North,612951,Madanaiyakanahalli (CT),2,2
29,KARNATAKA,572,Bangalore,5542,Bangalore North,612822,Kodigehalli (OG) (Part),2,2
29,KARNATAKA,572,Bangalore,5543,Bangalore South,612959,Tavakadahalli,1,1
29,KARNATAKA,572,Bangalore,5543,Bangalore South,612963,Varthur Narasimhapura,1,1
29,KARNATAKA,572,Bangalore,5543,Bangalore South,612966,Channenahalli,1,1
29,KARNATAKA,572,Bangalore,5543,Bangalore South,612968,Bychaguppe,4,4
29,KARNATAKA,572,Bangalore,5543,Bangalore South,612969,Devamachahalli Narayanapura,1,1
29,KARNATAKA,572,Bangalore,5543,Bangalore South,612970,Devamachohalli,1,1
29,KARNATAKA,572,Bangalore,5543,Bangalore South,612975,Madapatna,1,1
29,KARNATAKA,572,Bangalore,5543,Bangalore South,612976,Cholanaikanahalli,1,1
29,KARNATAKA,572,Bangalore,5543,Bangalore South,612979,Tavarekere ,3,3
29,KARNATAKA,572,Bangalore,5543,Bangalore South,612980,Yalachaguppe Ramapura,1,1
29,KARNATAKA,572,Bangalore,5543,Bangalore South,612981,Yelachaguppe,1,1
29,KARNATAKA,572,Bangalore,5543,Bangalore South,612984,Ajjanahalli,1,1
29,KARNATAKA,572,Bangalore,5543,Bangalore South,612985,Huluvenahalli,1,1
29,KARNATAKA,572,Bangalore,5543,Bangalore South,612987,Sulivara Ramapura,1,1
29,KARNATAKA,572,Bangalore,5543,Bangalore South,612988,Chikkanahalli,1,1
29,KARNATAKA,572,Bangalore,5543,Bangalore South,612992,Byalalu,1,1
29,KARNATAKA,572,Bangalore,5543,Bangalore South,612993,Chunchanakuppe,1,1
29,KARNATAKA,572,Bangalore,5543,Bangalore South,612995,Karigiripura,1,1
29,KARNATAKA,572,Bangalore,5543,Bangalore South,612999,Kethohalli Narasimhapura,1,1
29,KARNATAKA,572,Bangalore,5543,Bangalore South,613000,Kethohalli Ramapura,1,1
29,KARNATAKA,572,Bangalore,5543,Bangalore South,613001,Kolur Gururayanapura,1,1
29,KARNATAKA,572,Bangalore,5543,Bangalore South,613002,Dodderi,4,4
29,KARNATAKA,572,Bangalore,5543,Bangalore South,613003,Kolur Nanjundapura,1,1
29,KARNATAKA,572,Bangalore,5543,Bangalore South,613004,Kolur,4,4
29,KARNATAKA,572,Bangalore,5543,Bangalore South,613005,Seshagiripura,2,2
29,KARNATAKA,572,Bangalore,5543,Bangalore South,613007,Chikkellur Venkatapura,1,1
29,KARNATAKA,572,Bangalore,5543,Bangalore South,613008,Chikkellur Ramapura,1,1
29,KARNATAKA,572,Bangalore,5543,Bangalore South,613009,M.Krishnasagara,2,2
29,KARNATAKA,572,Bangalore,5543,Bangalore South,613011,Kommaghatta,1,1
29,KARNATAKA,572,Bangalore,5543,Bangalore South,613013,Maragondanahalli,1,1
29,KARNATAKA,572,Bangalore,5543,Bangalore South,613014,Bheemanakuppe- Ramasagara,1,1
29,KARNATAKA,572,Bangalore,5543,Bangalore South,613016,Ramohalli,1,1
29,KARNATAKA,572,Bangalore,5543,Bangalore South,613017,Bheemanakuppe,1,1
29,KARNATAKA,572,Bangalore,5543,Bangalore South,613018,Kommaghatta - Krishnasagara,1,1
29,KARNATAKA,572,Bangalore,5543,Bangalore South,613020,Kaniminike,1,1
29,KARNATAKA,572,Bangalore,5543,Bangalore South,613021,Thagachaguppe,1,1
29,KARNATAKA,572,Bangalore,5543,Bangalore South,613022,Kambipura,2,2
29,KARNATAKA,572,Bangalore,5543,Bangalore South,613024,Doddabele,1,1
29,KARNATAKA,572,Bangalore,5543,Bangalore South,613025,Kengeri Gollahalli,1,1
29,KARNATAKA,572,Bangalore,5543,Bangalore South,613027,Kumbalagodu Gollahalli,1,1
29,KARNATAKA,572,Bangalore,5543,Bangalore South,613028,Krishnarajapura,1,1
29,KARNATAKA,572,Bangalore,5543,Bangalore South,613029,Hampapura,1,1
29,KARNATAKA,572,Bangalore,5543,Bangalore South,613030,Thippur,2,2
29,KARNATAKA,572,Bangalore,5543,Bangalore South,613031,Gonipura,1,1
29,KARNATAKA,572,Bangalore,5543,Bangalore South,613032,Vasanthanahalli,1,1
29,KARNATAKA,572,Bangalore,5543,Bangalore South,613034,Devagere,1,1
29,KARNATAKA,572,Bangalore,5543,Bangalore South,613035,Rachanamadu,1,1
29,KARNATAKA,572,Bangalore,5543,Bangalore South,613036,Badamanavarthekaval,2,2
29,KARNATAKA,572,Bangalore,5543,Bangalore South,613038,Seegehalli,1,1
29,KARNATAKA,572,Bangalore,5543,Bangalore South,613039,Agara,3,3
29,KARNATAKA,572,Bangalore,5543,Bangalore South,613041,O.B.Chudahalli,1,1
29,KARNATAKA,572,Bangalore,5543,Bangalore South,613042,Kaggalipura,1,1
29,KARNATAKA,572,Bangalore,5543,Bangalore South,613046,K.  Chudahalli,2,2
29,KARNATAKA,572,Bangalore,5543,Bangalore South,613047,Tharalu,2,2
29,KARNATAKA,572,Bangalore,5543,Bangalore South,613050,Somanahalli,170,159
29,KARNATAKA,572,Bangalore,5543,Bangalore South,613051,Nettigere,1,1
29,KARNATAKA,572,Bangalore,5543,Bangalore South,613052,Ravugodlu,89,88
29,KARNATAKA,572,Bangalore,5543,Bangalore South,613053,Sunkadakatte ,1,1
29,KARNATAKA,572,Bangalore,5543,Bangalore South,613056,Doddanagamangala,1,1
29,KARNATAKA,572,Bangalore,5543,Bangalore South,613058,Mylasandra,1,1
29,KARNATAKA,572,Bangalore,5543,Bangalore South,613061,Uttarahalli -Manavarthekaval,1,1
29,KARNATAKA,572,Bangalore,5543,Bangalore South,613062,Kumbalagodu (CT),2,2
29,KARNATAKA,572,Bangalore,5543,Bangalore South,613063,Konappana Agrahara (CT),1,1
29,KARNATAKA,572,Bangalore,5544,Bangalore East,613065,Mittaganahalli,1,1
29,KARNATAKA,572,Bangalore,5544,Bangalore East,613066,Kadusonnappanahalli,36,33
29,KARNATAKA,572,Bangalore,5544,Bangalore East,613067,Doddenahalli,1,1
29,KARNATAKA,572,Bangalore,5544,Bangalore East,613068,Yerappanahalli,133,132
29,KARNATAKA,572,Bangalore,5544,Bangalore East,613070,Gundur,1,1
29,KARNATAKA,572,Bangalore,5544,Bangalore East,613071,Kada Agrahara,1,1
29,KARNATAKA,572,Bangalore,5544,Bangalore East,613072,Bandebommasandra,127,123
29,KARNATAKA,572,Bangalore,5544,Bangalore East,613074,Nadagowdagollahalli,1,1
29,KARNATAKA,572,Bangalore,5544,Bangalore East,613075,Vaderahalli,1,1
29,KARNATAKA,572,Bangalore,5544,Bangalore East,613078,Huvinane,1,1
29,KARNATAKA,572,Bangalore,5544,Bangalore East,613081,Kithiganur,1,1
29,KARNATAKA,572,Bangalore,5544,Bangalore East,613082,Hirandahalli,1,1
29,KARNATAKA,572,Bangalore,5544,Bangalore East,613086,Vanajanahalli,1,1
29,KARNATAKA,572,Bangalore,5544,Bangalore East,613087,Kattugollahalli,3,3
29,KARNATAKA,572,Bangalore,5544,Bangalore East,613101,Avalahalli,1,1
29,KARNATAKA,572,Bangalore,5544,Bangalore East,613103,Kurudusonnenahalli,1,1
29,KARNATAKA,572,Bangalore,5544,Bangalore East,613105,Doddabanahalli,1,1
29,KARNATAKA,572,Bangalore,5544,Bangalore East,613106,Bidare Agrahara,1,1
29,KARNATAKA,572,Bangalore,5544,Bangalore East,613111,Khaji Sonnenahalli,1,1
29,KARNATAKA,572,Bangalore,5544,Bangalore East,613112,Kannamangala,1,1
29,KARNATAKA,572,Bangalore,5544,Bangalore East,613114,Seegehalli,2,2
29,KARNATAKA,572,Bangalore,5544,Bangalore East,613115,Halanayakanahalli,1,1
29,KARNATAKA,572,Bangalore,5544,Bangalore East,613117,Valepura,1,1
29,KARNATAKA,572,Bangalore,5544,Bangalore East,613119,Mulluru,1,1
29,KARNATAKA,572,Bangalore,5544,Bangalore East,613120,Hadosiddapura,1,1
29,KARNATAKA,572,Bangalore,5544,Bangalore East,613122,Kodathi,2,2
29,KARNATAKA,572,Bangalore,5544,Bangalore East,613123,Sulikunte,1,1
29,KARNATAKA,572,Bangalore,5545,Anekal,613127,Kannaikana Agrahara,345,321
29,KARNATAKA,572,Bangalore,5545,Anekal,613128,Bilwaradahalli,460,432
29,KARNATAKA,572,Bangalore,5545,Anekal,613130,Bannerughatta Kaval,694,694
29,KARNATAKA,572,Bangalore,5545,Anekal,613131,Byrappanahalli,152,152
29,KARNATAKA,572,Bangalore,5545,Anekal,613132,Bannerughatta,2072,1983
29,KARNATAKA,572,Bangalore,5545,Anekal,613133,Gollahalli,1519,1435
29,KARNATAKA,572,Bangalore,5545,Anekal,613134,Kalkere,568,539
29,KARNATAKA,572,Bangalore,5545,Anekal,613135,Vaderahalli,9,3
29,KARNATAKA,572,Bangalore,5545,Anekal,613136,Laxmipura,326,294
29,KARNATAKA,572,Bangalore,5545,Anekal,613137,Halesampigehalli,63,44
29,KARNATAKA,572,Bangalore,5545,Anekal,613138,Mantapa,310,280
29,KARNATAKA,572,Bangalore,5545,Anekal,613139,Jangal Palya,439,434
29,KARNATAKA,572,Bangalore,5545,Anekal,613140,Begihalli,287,216
29,KARNATAKA,572,Bangalore,5545,Anekal,613141,Nallasandra,229,219
29,KARNATAKA,572,Bangalore,5545,Anekal,613142,Hullukasavanahalli,39,28
29,KARNATAKA,572,Bangalore,5545,Anekal,613143,Sakalawara,173,160
29,KARNATAKA,572,Bangalore,5545,Anekal,613144,Hullahalli,1177,1145
29,KARNATAKA,572,Bangalore,5545,Anekal,613145,Bujangadasanakere,122,111
29,KARNATAKA,572,Bangalore,5545,Anekal,613146,Ramasandra,69,46
29,KARNATAKA,572,Bangalore,5545,Anekal,613147,Amani Bidarakere,191,179
29,KARNATAKA,572,Bangalore,5545,Anekal,613148,Harapanahalli,624,587
29,KARNATAKA,572,Bangalore,5545,Anekal,613149,Bukkasagara,514,455
29,KARNATAKA,572,Bangalore,5545,Anekal,613150,Kalbalu,391,360
29,KARNATAKA,572,Bangalore,5545,Anekal,613154,Kadajakkanahalli,115,109
29,KARNATAKA,572,Bangalore,5545,Anekal,613155,Giddenahalli,234,224
29,KARNATAKA,572,Bangalore,5545,Anekal,613156,J.Bingipura,30,28
29,KARNATAKA,572,Bangalore,5545,Anekal,613157,Vaderamanchanahalli,1497,1487
29,KARNATAKA,572,Bangalore,5545,Anekal,613158,Koppa,1354,1325
29,KARNATAKA,572,Bangalore,5545,Anekal,613159,Koppa Gate,585,536
29,KARNATAKA,572,Bangalore,5545,Anekal,613160,S.Bingipura,571,522
29,KARNATAKA,572,Bangalore,5545,Anekal,613161,Hulimangala,571,538
29,KARNATAKA,572,Bangalore,5545,Anekal,613162,Thirupalya,3121,2951
29,KARNATAKA,572,Bangalore,5545,Anekal,613163,Yarandahalli,1168,1107
29,KARNATAKA,572,Bangalore,5545,Anekal,613164,Vabasandra,158,142
29,KARNATAKA,572,Bangalore,5545,Anekal,613165,Nanjapura,87,78
29,KARNATAKA,572,Bangalore,5545,Anekal,613166,Kyalasanahalli,218,209
29,KARNATAKA,572,Bangalore,5545,Anekal,613167,Bande Nalla Sandra,288,256
29,KARNATAKA,572,Bangalore,5545,Anekal,613168,Haragadde,3738,3727
29,KARNATAKA,572,Bangalore,5545,Anekal,613169,Mada Patna,272,254
29,KARNATAKA,572,Bangalore,5545,Anekal,613170,Konasandra,143,132
29,KARNATAKA,572,Bangalore,5545,Anekal,613171,Bommandahalli,166,154
29,KARNATAKA,572,Bangalore,5545,Anekal,613172,Nosenur Gollahalli,226,220
29,KARNATAKA,572,Bangalore,5545,Anekal,613173,Nosenur,264,264
29,KARNATAKA,572,Bangalore,5545,Anekal,613174,Dyavasandra,129,129
29,KARNATAKA,572,Bangalore,5545,Anekal,613175,Seethanaikana Halli,70,65
29,KARNATAKA,572,Bangalore,5545,Anekal,613176,Rajapura,356,331
29,KARNATAKA,572,Bangalore,5545,Anekal,613177,Masthena Halli,186,172
29,KARNATAKA,572,Bangalore,5545,Anekal,613178,Hinnakki,61,56
29,KARNATAKA,572,Bangalore,5545,Anekal,613179,Hennagara Amanikere,505,505
29,KARNATAKA,572,Bangalore,5545,Anekal,613180,Hennagara,573,541
29,KARNATAKA,572,Bangalore,5545,Anekal,613181,Hosahalli,180,169
29,KARNATAKA,572,Bangalore,5545,Anekal,613182,Kachanaikanahalli,1145,1082
29,KARNATAKA,572,Bangalore,5545,Anekal,613183,Ramakrishnapura,534,497
29,KARNATAKA,572,Bangalore,5545,Anekal,613184,Choodasandra,509,478
29,KARNATAKA,572,Bangalore,5545,Anekal,613185,Rayasandra,478,451
29,KARNATAKA,572,Bangalore,5545,Anekal,613186,Sriramapura,246,224
29,KARNATAKA,572,Bangalore,5545,Anekal,613187,Gattahalli,158,146
29,KARNATAKA,572,Bangalore,5545,Anekal,613188,Janatha Colony,323,310
29,KARNATAKA,572,Bangalore,5545,Anekal,613189,Chikkanagamangala,173,160
29,KARNATAKA,572,Bangalore,5545,Anekal,613190,Bhovi Palya (Shanthi Pur),1213,1195
29,KARNATAKA,572,Bangalore,5545,Anekal,613191,Gulimangala,175,163
29,KARNATAKA,572,Bangalore,5545,Anekal,613192,Huskur,557,486
29,KARNATAKA,572,Bangalore,5545,Anekal,613193,Avalahalli,114,106
29,KARNATAKA,572,Bangalore,5545,Anekal,613194,Chokkasandra,91,84
29,KARNATAKA,572,Bangalore,5545,Anekal,613195,Harohalli,363,341
29,KARNATAKA,572,Bangalore,5545,Anekal,613196,Kaggalipura,49,45
29,KARNATAKA,572,Bangalore,5545,Anekal,613197,Chintalmadivala,380,356
29,KARNATAKA,572,Bangalore,5545,Anekal,613198,Gottamaranahalli,14,14
29,KARNATAKA,572,Bangalore,5545,Anekal,613199,Singena Agrahara,812,766
29,KARNATAKA,572,Bangalore,5545,Anekal,613200,Narayanaghatta,219,204
29,KARNATAKA,572,Bangalore,5545,Anekal,613201,Muthanallur,343,321
29,KARNATAKA,572,Bangalore,5545,Anekal,613202,Ali Bommasandra,303,270
29,KARNATAKA,572,Bangalore,5545,Anekal,613203,Muthanallur Amanikere,1403,1366
29,KARNATAKA,572,Bangalore,5545,Anekal,613204,Samanahalli,123,109
29,KARNATAKA,572,Bangalore,5545,Anekal,613205,Chikkathimmasandra,141,132
29,KARNATAKA,572,Bangalore,5545,Anekal,613206,Gopasandra,132,123
29,KARNATAKA,572,Bangalore,5545,Anekal,613207,Kommasandra,172,161
29,KARNATAKA,572,Bangalore,5545,Anekal,613208,Thigala Chowdadenahalli,1442,1364
29,KARNATAKA,572,Bangalore,5545,Anekal,613209,Chikkavaderapura,66,66
29,KARNATAKA,572,Bangalore,5545,Anekal,613210,Heggondahalli,151,144
29,KARNATAKA,572,Bangalore,5545,Anekal,613211,Halasahalli Thippasandra,402,380
29,KARNATAKA,572,Bangalore,5545,Anekal,613212,Chikkanekkundi,238,231
29,KARNATAKA,572,Bangalore,5545,Anekal,613213,Nekkundi Dommasandra,552,500
29,KARNATAKA,572,Bangalore,5545,Anekal,613214,Kathriguppe,173,162
29,KARNATAKA,572,Bangalore,5545,Anekal,613215,Ramnaikanahalli,103,86
29,KARNATAKA,572,Bangalore,5545,Anekal,613216,Chambenahalli,264,245
29,KARNATAKA,572,Bangalore,5545,Anekal,613217,Yamare,462,422
29,KARNATAKA,572,Bangalore,5545,Anekal,613218,Sompura,238,223
29,KARNATAKA,572,Bangalore,5545,Anekal,613219,Kadagrahara,148,139
29,KARNATAKA,572,Bangalore,5545,Anekal,613220,Chikkadunnasandra,19,19
29,KARNATAKA,572,Bangalore,5545,Anekal,613221,B.Hosahalli,598,590
29,KARNATAKA,572,Bangalore,5545,Anekal,613222,Bikkanahalli,175,162
29,KARNATAKA,572,Bangalore,5545,Anekal,613223,Sollepura,145,131
29,KARNATAKA,572,Bangalore,5545,Anekal,613224,Handenahalli,338,317
29,KARNATAKA,572,Bangalore,5545,Anekal,613225,Kotiganahalli,52,48
29,KARNATAKA,572,Bangalore,5545,Anekal,613226,Bilchikkanahalli,10,10
29,KARNATAKA,572,Bangalore,5545,Anekal,613227,S.Medihalli,349,321
29,KARNATAKA,572,Bangalore,5545,Anekal,613228,Tyayakana Halli,6220,5902
29,KARNATAKA,572,Bangalore,5545,Anekal,613229,Byalahalli,16,15
29,KARNATAKA,572,Bangalore,5545,Anekal,613230,Adigarakallahalli,1757,1678
29,KARNATAKA,572,Bangalore,5545,Anekal,613231,Billapura,460,432
29,KARNATAKA,572,Bangalore,5545,Anekal,613232,Buragunte,71,71
29,KARNATAKA,572,Bangalore,5545,Anekal,613233,Ittangur,166,155
29,KARNATAKA,572,Bangalore,5545,Anekal,613234,Volagerekallahalli,609,555
29,KARNATAKA,572,Bangalore,5545,Anekal,613235,Chikkadasarahalli,118,111
29,KARNATAKA,572,Bangalore,5545,Anekal,613236,Gonighattapura,161,148
29,KARNATAKA,572,Bangalore,5545,Anekal,613237,Neriga,391,379
29,KARNATAKA,572,Bangalore,5545,Anekal,613238,Janthagondanahalli,289,272
29,KARNATAKA,572,Bangalore,5545,Anekal,613239,Nagen Agrahara,165,120
29,KARNATAKA,572,Bangalore,5545,Anekal,613240,Seeganaikanahalli,18,10
29,KARNATAKA,572,Bangalore,5545,Anekal,613241,Madappanahalli,87,80
29,KARNATAKA,572,Bangalore,5545,Anekal,613242,Deshapande Guttahalli,59,36
29,KARNATAKA,572,Bangalore,5545,Anekal,613243,Banahalli,98,91
29,KARNATAKA,572,Bangalore,5545,Anekal,613244,Mugalur,296,278
29,KARNATAKA,572,Bangalore,5545,Anekal,613245,Kugur,173,161
29,KARNATAKA,572,Bangalore,5545,Anekal,613246,Kamanahalli,60,60
29,KARNATAKA,572,Bangalore,5545,Anekal,613247,Kuthaganahalli,567,544
29,KARNATAKA,572,Bangalore,5545,Anekal,613248,Doddathimmasandra,784,768
29,KARNATAKA,572,Bangalore,5545,Anekal,613249,Thindlu,360,350
29,KARNATAKA,572,Bangalore,5545,Anekal,613250,Mahal Chowdadenahalli,582,570
29,KARNATAKA,572,Bangalore,5545,Anekal,613251,Gudighattanahalli,53,53
29,KARNATAKA,572,Bangalore,5545,Anekal,613252,Panditana Agrahara,336,318
29,KARNATAKA,572,Bangalore,5545,Anekal,613253,Mattanahalli,142,131
29,KARNATAKA,572,Bangalore,5545,Anekal,613254,Gollahalli,1512,1435
29,KARNATAKA,572,Bangalore,5545,Anekal,613255,Veerasandra,1874,1774
29,KARNATAKA,572,Bangalore,5545,Anekal,613256,Kammasandra,3569,3500
29,KARNATAKA,572,Bangalore,5545,Anekal,613257,Vaddara Palya,300,284
29,KARNATAKA,572,Bangalore,5545,Anekal,613258,Andapura,361,341
29,KARNATAKA,572,Bangalore,5545,Anekal,613259,Ramasagara,453,425
29,KARNATAKA,572,Bangalore,5545,Anekal,613260,Heelalige,832,787
29,KARNATAKA,572,Bangalore,5545,Anekal,613261,Chandapura,6799,6773
29,KARNATAKA,572,Bangalore,5545,Anekal,613262,Chandrapura  -Chatrakane,12770,12770
29,KARNATAKA,572,Bangalore,5545,Anekal,613263,Kittaganahalli,1483,1405
29,KARNATAKA,572,Bangalore,5545,Anekal,613264,Banahalli,1197,1124
29,KARNATAKA,572,Bangalore,5545,Anekal,613265,Iggalur,959,907
29,KARNATAKA,572,Bangalore,5545,Anekal,613266,Thirumagondanahalli,427,392
29,KARNATAKA,572,Bangalore,5545,Anekal,613267,Balagaranahalli,1119,1052
29,KARNATAKA,572,Bangalore,5545,Anekal,613268,Neralur,1144,1083
29,KARNATAKA,572,Bangalore,5545,Anekal,613269,Laxmi Sagara,207,195
29,KARNATAKA,572,Bangalore,5545,Anekal,613270,Bendiganahalli,136,127
29,KARNATAKA,572,Bangalore,5545,Anekal,613271,Adigondanahalli,277,261
29,KARNATAKA,572,Bangalore,5545,Anekal,613272,Guddahatti,338,315
29,KARNATAKA,572,Bangalore,5545,Anekal,613273,Yadavanahalli,1312,1240
29,KARNATAKA,572,Bangalore,5545,Anekal,613274,Krishnasagara,123,115
29,KARNATAKA,572,Bangalore,5545,Anekal,613275,Itchangur,298,280
29,KARNATAKA,572,Bangalore,5545,Anekal,613276,Muthasandra,112,105
29,KARNATAKA,572,Bangalore,5545,Anekal,613277,Kamblipura,115,107
29,KARNATAKA,572,Bangalore,5545,Anekal,613278,Mayasandra,522,480
29,KARNATAKA,572,Bangalore,5545,Anekal,613279,M.Medihalli,274,254
29,KARNATAKA,572,Bangalore,5545,Anekal,613280,Halehalli,179,166
29,KARNATAKA,572,Bangalore,5545,Anekal,613281,Kodlipura,157,145
29,KARNATAKA,572,Bangalore,5545,Anekal,613282,Dasanapura,295,276
29,KARNATAKA,572,Bangalore,5545,Anekal,613283,Bhaktipura,75,69
29,KARNATAKA,572,Bangalore,5545,Anekal,613284,Arehalli,93,75
29,KARNATAKA,572,Bangalore,5545,Anekal,613285,Manchanahalli,270,254
29,KARNATAKA,572,Bangalore,5545,Anekal,613286,Giddenahalli,122,117
29,KARNATAKA,572,Bangalore,5545,Anekal,613287,Jigala,285,267
29,KARNATAKA,572,Bangalore,5545,Anekal,613288,Arenur,130,122
29,KARNATAKA,572,Bangalore,5545,Anekal,613289,Bidaraguppe,818,741
29,KARNATAKA,572,Bangalore,5545,Anekal,613290,Chikkanahalli,124,114
29,KARNATAKA,572,Bangalore,5545,Anekal,613291,Indlabele,721,680
29,KARNATAKA,572,Bangalore,5545,Anekal,613292,Ballur,939,883
29,KARNATAKA,572,Bangalore,5545,Anekal,613293,Maranaikanahalli,162,150
29,KARNATAKA,572,Bangalore,5545,Anekal,613294,Lingapura,310,287
29,KARNATAKA,572,Bangalore,5545,Anekal,613295,Soppahalli,96,88
29,KARNATAKA,572,Bangalore,5545,Anekal,613296,Kumbaranahalli,181,151
29,KARNATAKA,572,Bangalore,5545,Anekal,613297,Suragajakkanahalli ,270,253
29,KARNATAKA,572,Bangalore,5545,Anekal,613298,Sonnanayakanapura,294,269
29,KARNATAKA,572,Bangalore,5545,Anekal,613299,Adur,270,237
29,KARNATAKA,572,Bangalore,5545,Anekal,613300,Thimmasandra,41,37
29,KARNATAKA,572,Bangalore,5545,Anekal,613301,Chikkanahalli,63,57
29,KARNATAKA,572,Bangalore,5545,Anekal,613302,Indlawadi,398,358
29,KARNATAKA,572,Bangalore,5545,Anekal,613303,Bagganadoddi,80,74
29,KARNATAKA,572,Bangalore,5545,Anekal,613304,Indlawadipura,150,128
29,KARNATAKA,572,Bangalore,5545,Anekal,613305,Thammanaikanahalli,502,383
29,KARNATAKA,572,Bangalore,5545,Anekal,613306,Chikka Hosahalli,364,338
29,KARNATAKA,572,Bangalore,5545,Anekal,613307,Agasa Thimmanahalli,5,5
29,KARNATAKA,572,Bangalore,5545,Anekal,613308,A Medihalli,210,164
29,KARNATAKA,572,Bangalore,5545,Anekal,613309,Gowrenahalli,457,429
29,KARNATAKA,572,Bangalore,5545,Anekal,613310,Honnakalasapura,132,129
29,KARNATAKA,572,Bangalore,5545,Anekal,613311,Sidihosakote,330,307
29,KARNATAKA,572,Bangalore,5545,Anekal,613312,Kempavaderahalli,51,46
29,KARNATAKA,572,Bangalore,5545,Anekal,613313,Dodda Hagade,207,170
29,KARNATAKA,572,Bangalore,5545,Anekal,613314,Kunmadivala,152,148
29,KARNATAKA,572,Bangalore,5545,Anekal,613315,Byagadadenahalli,263,257
29,KARNATAKA,572,Bangalore,5545,Anekal,613316,Marasur,686,650
29,KARNATAKA,572,Bangalore,5545,Anekal,613317,Naganaikanahalli,41,35
29,KARNATAKA,572,Bangalore,5545,Anekal,613318,Madivala,471,453
29,KARNATAKA,572,Bangalore,5545,Anekal,613319,Bandapura,137,128
29,KARNATAKA,572,Bangalore,5545,Anekal,613320,Marasur Agrahara,164,156
29,KARNATAKA,572,Bangalore,5545,Anekal,613321,Thattanahalli,93,79
29,KARNATAKA,572,Bangalore,5545,Anekal,613322,Avadadenahalli,260,246
29,KARNATAKA,572,Bangalore,5545,Anekal,613323,Kammasandra Agrahara,272,256
29,KARNATAKA,572,Bangalore,5545,Anekal,613324,Amani Doddakere,6,6
29,KARNATAKA,572,Bangalore,5545,Anekal,613325,Hasaruvani,21,21
29,KARNATAKA,572,Bangalore,5545,Anekal,613326,Anekal (Rural),310,258
29,KARNATAKA,572,Bangalore,5545,Anekal,613327,Chudenahalli,103,96
29,KARNATAKA,572,Bangalore,5545,Anekal,613328,Sunavara,240,219
29,KARNATAKA,572,Bangalore,5545,Anekal,613329,Patnagere Gollahalli,106,90
29,KARNATAKA,572,Bangalore,5545,Anekal,613330,Bidarakadahalli,20,20
29,KARNATAKA,572,Bangalore,5545,Anekal,613331,Kalanaikanahalli,175,81
29,KARNATAKA,572,Bangalore,5545,Anekal,613332,Solur,107,96
29,KARNATAKA,572,Bangalore,5545,Anekal,613333,Menasiganahalli,222,194
29,KARNATAKA,572,Bangalore,5545,Anekal,613334,Vanakanahalli,286,265
29,KARNATAKA,572,Bangalore,5545,Anekal,613335,Singasandra,87,78
29,KARNATAKA,572,Bangalore,5545,Anekal,613336,Telagarahalli,166,146
29,KARNATAKA,572,Bangalore,5545,Anekal,613337,Hompalaghatta,131,122
29,KARNATAKA,572,Bangalore,5545,Anekal,613338,Gudnahalli,227,214
29,KARNATAKA,572,Bangalore,5545,Anekal,613339,Chikkanahatti,123,113
29,KARNATAKA,572,Bangalore,5545,Anekal,613340,Geratiganabele,223,208
29,KARNATAKA,572,Bangalore,5545,Anekal,613341,Submangala,109,89
29,KARNATAKA,572,Bangalore,5545,Anekal,613342,Muthagatti,922,893
29,KARNATAKA,572,Bangalore,5545,Anekal,613343,Kurubarahatti,85,78
29,KARNATAKA,572,Bangalore,5545,Anekal,613344,Haldenahalli,389,376
29,KARNATAKA,572,Bangalore,5545,Anekal,613345,Kaval Hosahalli,405,398
29,KARNATAKA,572,Bangalore,5545,Anekal,613346,Chikka Hagade,211,195
29,KARNATAKA,572,Bangalore,5545,Anekal,613347,Aravantigepura,53,48
29,KARNATAKA,572,Bangalore,5545,Anekal,613348,Bestammanahalli,184,161
29,KARNATAKA,572,Bangalore,5545,Anekal,613349,Karpur,417,391
29,KARNATAKA,572,Bangalore,5545,Anekal,613350,Bidaragere,219,194
29,KARNATAKA,572,Bangalore,5545,Anekal,613351,Rachamanahalli,162,149
29,KARNATAKA,572,Bangalore,5545,Anekal,613352,Channena Agrahara,193,176
29,KARNATAKA,572,Bangalore,5545,Anekal,613353,Samandur,1087,783
29,KARNATAKA,572,Bangalore,5545,Anekal,613354,Dommasandra (CT),1568,1486
29,KARNATAKA,572,Bangalore,5545,Anekal,613356,Maragondahalli (CT),1816,1774
29,KARNATAKA,572,Bangalore,5545,Anekal,613358,Sarjapura (CT),2001,1897
29,KARNATAKA,572,Bangalore,5545,Anekal,613359,Attibele (CT),2560,2416
29,KARNATAKA,572,Bangalore,5545,Anekal,613360,Jigani (CT),1999,1893
29,KARNATAKA,573,Mandya,5546,Krishnarajpet ,613361,Gondihalli,154,142
29,KARNATAKA,573,Mandya,5546,Krishnarajpet ,613362,Madapuranala,71,65
29,KARNATAKA,573,Mandya,5546,Krishnarajpet ,613363,Madapura,209,192
29,KARNATAKA,573,Mandya,5546,Krishnarajpet ,613364,Halemadapura,71,65
29,KARNATAKA,573,Mandya,5546,Krishnarajpet ,613365,Ganadahalli,46,42
29,KARNATAKA,573,Mandya,5546,Krishnarajpet ,613366,Gudehosahalli,195,180
29,KARNATAKA,573,Mandya,5546,Krishnarajpet ,613367,Kadahemmige,184,169
29,KARNATAKA,573,Mandya,5546,Krishnarajpet ,613368,Bolamaranahalli,311,296
29,KARNATAKA,573,Mandya,5546,Krishnarajpet ,613369,Anegola,221,203
29,KARNATAKA,573,Mandya,5546,Krishnarajpet ,613370,Doddatharahalli,290,267
29,KARNATAKA,573,Mandya,5546,Krishnarajpet ,613371,Chikkatharahalli,163,150
29,KARNATAKA,573,Mandya,5546,Krishnarajpet ,613372,Anchebeeranahalli,234,215
29,KARNATAKA,573,Mandya,5546,Krishnarajpet ,613373,Mandalekanahalli,99,91
29,KARNATAKA,573,Mandya,5546,Krishnarajpet ,613374,Ooginahalli,188,169
29,KARNATAKA,573,Mandya,5546,Krishnarajpet ,613375,Echaluguddekaval,20,18
29,KARNATAKA,573,Mandya,5546,Krishnarajpet ,613376,Chinnenahalli,142,131
29,KARNATAKA,573,Mandya,5546,Krishnarajpet ,613377,Kotahalli,127,117
29,KARNATAKA,573,Mandya,5546,Krishnarajpet ,613378,Dananahalli,57,52
29,KARNATAKA,573,Mandya,5546,Krishnarajpet ,613379,Bidaranalli,63,58
29,KARNATAKA,573,Mandya,5546,Krishnarajpet ,613380,Margonahalli,236,236
29,KARNATAKA,573,Mandya,5546,Krishnarajpet ,613381,Govindanahalli,540,536
29,KARNATAKA,573,Mandya,5546,Krishnarajpet ,613382,Uddinamallanahosur,55,51
29,KARNATAKA,573,Mandya,5546,Krishnarajpet ,613383,Tholasi,222,210
29,KARNATAKA,573,Mandya,5546,Krishnarajpet ,613384,Ikanahalli,280,261
29,KARNATAKA,573,Mandya,5546,Krishnarajpet ,613385,Sasalu,453,450
29,KARNATAKA,573,Mandya,5546,Krishnarajpet ,613386,Yeladahalli,214,214
29,KARNATAKA,573,Mandya,5546,Krishnarajpet ,613387,Devarahalli,112,103
29,KARNATAKA,573,Mandya,5546,Krishnarajpet ,613388,Bhadranakoppalu,27,25
29,KARNATAKA,573,Mandya,5546,Krishnarajpet ,613389,Ankanahalli,129,119
29,KARNATAKA,573,Mandya,5546,Krishnarajpet ,613390,Vaddarahalli,130,120
29,KARNATAKA,573,Mandya,5546,Krishnarajpet ,613391,Basavanahalli,113,113
29,KARNATAKA,573,Mandya,5546,Krishnarajpet ,613392,Laxmipura,372,372
29,KARNATAKA,573,Mandya,5546,Krishnarajpet ,613393,Mariyanahosur,51,49
29,KARNATAKA,573,Mandya,5546,Krishnarajpet ,613394,Thenginaghatta,285,268
29,KARNATAKA,573,Mandya,5546,Krishnarajpet ,613395,Dabbeghatta,116,107
29,KARNATAKA,573,Mandya,5546,Krishnarajpet ,613396,Chujjalakyathanahalli,69,64
29,KARNATAKA,573,Mandya,5546,Krishnarajpet ,613397,Kalenahalli,171,157
29,KARNATAKA,573,Mandya,5546,Krishnarajpet ,613398,Dorenahalli,74,68
29,KARNATAKA,573,Mandya,5546,Krishnarajpet ,613399,Kikkeri,165,152
29,KARNATAKA,573,Mandya,5546,Krishnarajpet ,613400,Gangenahalli,257,147
29,KARNATAKA,573,Mandya,5546,Krishnarajpet ,613401,Boovanahalli,59,54
29,KARNATAKA,573,Mandya,5546,Krishnarajpet ,613402,Madahalli,71,65
29,KARNATAKA,573,Mandya,5546,Krishnarajpet ,613403,Kallanakere,104,104
29,KARNATAKA,573,Mandya,5546,Krishnarajpet ,613404,Sollepura,225,207
29,KARNATAKA,573,Mandya,5546,Krishnarajpet ,613405,Kikkeri Amanikere,643,592
29,KARNATAKA,573,Mandya,5546,Krishnarajpet ,613406,Kodimaranahalli,12,11
29,KARNATAKA,573,Mandya,5546,Krishnarajpet ,613407,Chowdenahalli,400,382
29,KARNATAKA,573,Mandya,5546,Krishnarajpet ,613408,Ramanahalli,178,175
29,KARNATAKA,573,Mandya,5546,Krishnarajpet ,613415,Chikkalale,317,292
29,KARNATAKA,573,Mandya,5546,Krishnarajpet ,613416,Settihalli,66,61
29,KARNATAKA,573,Mandya,5546,Krishnarajpet ,613417,Jakkanahalli,76,51
29,KARNATAKA,573,Mandya,5546,Krishnarajpet ,613418,Manganahosahalli,36,33
29,KARNATAKA,573,Mandya,5546,Krishnarajpet ,613419,Kundur,279,257
29,KARNATAKA,573,Mandya,5546,Krishnarajpet ,613420,Marenahalli,53,49
29,KARNATAKA,573,Mandya,5546,Krishnarajpet ,613421,Ganganahalli,91,84
29,KARNATAKA,573,Mandya,5546,Krishnarajpet ,613422,Achamanahalli,40,37
29,KARNATAKA,573,Mandya,5546,Krishnarajpet ,613423,Haleathiguppe,65,60
29,KARNATAKA,573,Mandya,5546,Krishnarajpet ,613424,Halasinahalli,69,64
29,KARNATAKA,573,Mandya,5546,Krishnarajpet ,613425,Nagaragatta,135,124
29,KARNATAKA,573,Mandya,5546,Krishnarajpet ,613426,Narayanapura,214,197
29,KARNATAKA,573,Mandya,5546,Krishnarajpet ,613427,Chottanahalli,41,38
29,KARNATAKA,573,Mandya,5546,Krishnarajpet ,613428,Ramanakoppalu,39,36
29,KARNATAKA,573,Mandya,5546,Krishnarajpet ,613429,Hadavanahalli,835,771
29,KARNATAKA,573,Mandya,5546,Krishnarajpet ,613430,Doddakyathnahalli,757,697
29,KARNATAKA,573,Mandya,5546,Krishnarajpet ,613431,Chikkakyathnahalli,42,39
29,KARNATAKA,573,Mandya,5546,Krishnarajpet ,613432,Santhebachahalli,563,518
29,KARNATAKA,573,Mandya,5546,Krishnarajpet ,613433,Hubbanahalli,144,133
29,KARNATAKA,573,Mandya,5546,Krishnarajpet ,613434,Amchahalli,71,65
29,KARNATAKA,573,Mandya,5546,Krishnarajpet ,613435,Nayasinganahalli,92,85
29,KARNATAKA,573,Mandya,5546,Krishnarajpet ,613436,Aghalaya,331,304
29,KARNATAKA,573,Mandya,5546,Krishnarajpet ,613437,Doddasomanahalli,178,164
29,KARNATAKA,573,Mandya,5546,Krishnarajpet ,613438,Chikkasomanahalli,61,56
29,KARNATAKA,573,Mandya,5546,Krishnarajpet ,613439,Aghalaya Kaval,777,715
29,KARNATAKA,573,Mandya,5546,Krishnarajpet ,613440,Hosahalli,59,59
29,KARNATAKA,573,Mandya,5546,Krishnarajpet ,613441,Lokanahalli,99,91
29,KARNATAKA,573,Mandya,5546,Krishnarajpet ,613442,Kodagahalli,643,592
29,KARNATAKA,573,Mandya,5546,Krishnarajpet ,613443,Appanahalli,98,90
29,KARNATAKA,573,Mandya,5546,Krishnarajpet ,613444,Malagur,187,172
29,KARNATAKA,573,Mandya,5546,Krishnarajpet ,613445,Singapura,36,36
29,KARNATAKA,573,Mandya,5546,Krishnarajpet ,613446,Mavinakatte Koppalu,41,38
29,KARNATAKA,573,Mandya,5546,Krishnarajpet ,613447,Halagehosahalli,17,16
29,KARNATAKA,573,Mandya,5546,Krishnarajpet ,613448,Adihalli,71,65
29,KARNATAKA,573,Mandya,5546,Krishnarajpet ,613449,Doddaharanahalli,66,61
29,KARNATAKA,573,Mandya,5546,Krishnarajpet ,613450,Yeladahalli,110,110
29,KARNATAKA,573,Mandya,5546,Krishnarajpet ,613451,Bharathipura,190,175
29,KARNATAKA,573,Mandya,5546,Krishnarajpet ,613452,Annechakanahalli,209,192
29,KARNATAKA,573,Mandya,5546,Krishnarajpet ,613453,Koratikere,369,353
29,KARNATAKA,573,Mandya,5546,Krishnarajpet ,613454,Mallenahalli,77,77
29,KARNATAKA,573,Mandya,5546,Krishnarajpet ,613455,Goravi,118,109
29,KARNATAKA,573,Mandya,5546,Krishnarajpet ,613456,Billenahalli,166,153
29,KARNATAKA,573,Mandya,5546,Krishnarajpet ,613457,Harapanahalli,54,50
29,KARNATAKA,573,Mandya,5546,Krishnarajpet ,613458,Bikkasandra,57,52
29,KARNATAKA,573,Mandya,5546,Krishnarajpet ,613459,Nayakanahalli,237,228
29,KARNATAKA,573,Mandya,5546,Krishnarajpet ,613461,Laxmipura,31,31
29,KARNATAKA,573,Mandya,5546,Krishnarajpet ,613462,Somenahalli,48,44
29,KARNATAKA,573,Mandya,5546,Krishnarajpet ,613463,Ranganathapura,29,27
29,KARNATAKA,573,Mandya,5546,Krishnarajpet ,613464,Dasagolapura,14,13
29,KARNATAKA,573,Mandya,5546,Krishnarajpet ,613465,Hethagonahalli,104,96
29,KARNATAKA,573,Mandya,5546,Krishnarajpet ,613466,Shyarahalli,126,116
29,KARNATAKA,573,Mandya,5546,Krishnarajpet ,613467,Machahalli,19,19
29,KARNATAKA,573,Mandya,5546,Krishnarajpet ,613468,Sarangi,297,273
29,KARNATAKA,573,Mandya,5546,Krishnarajpet ,613469,Ballekere,97,97
29,KARNATAKA,573,Mandya,5546,Krishnarajpet ,613470,Kaigonahalli,81,75
29,KARNATAKA,573,Mandya,5546,Krishnarajpet ,613471,Jaginakere,210,193
29,KARNATAKA,573,Mandya,5546,Krishnarajpet ,613472,Jothanapura,27,25
29,KARNATAKA,573,Mandya,5546,Krishnarajpet ,613473,Chikkaharanahalli,102,94
29,KARNATAKA,573,Mandya,5546,Krishnarajpet ,613474,Kotagahalli,130,125
29,KARNATAKA,573,Mandya,5546,Krishnarajpet ,613475,Dugganahalli,23,21
29,KARNATAKA,573,Mandya,5546,Krishnarajpet ,613476,Boppanahalli,59,54
29,KARNATAKA,573,Mandya,5546,Krishnarajpet ,613477,Molenahalli  (B),271,249
29,KARNATAKA,573,Mandya,5546,Krishnarajpet ,613478,Mallenahalli,5,4
29,KARNATAKA,573,Mandya,5546,Krishnarajpet ,613479,Kyathanahalli,110,110
29,KARNATAKA,573,Mandya,5546,Krishnarajpet ,613482,Chamalapura,31,29
29,KARNATAKA,573,Mandya,5546,Krishnarajpet ,613484,Vasanthapura,78,72
29,KARNATAKA,573,Mandya,5546,Krishnarajpet ,613485,Mylanahalli,138,127
29,KARNATAKA,573,Mandya,5546,Krishnarajpet ,613486,Rayasamudra,304,280
29,KARNATAKA,573,Mandya,5546,Krishnarajpet ,613487,Kodihalli,131,121
29,KARNATAKA,573,Mandya,5546,Krishnarajpet ,613488,Sindaghatta,1240,1220
29,KARNATAKA,573,Mandya,5546,Krishnarajpet ,613489,Maruvanahalli,131,121
29,KARNATAKA,573,Mandya,5546,Krishnarajpet ,613490,Chikkanayakanahalli,31,29
29,KARNATAKA,573,Mandya,5546,Krishnarajpet ,613491,Hathimaranahalli,93,83
29,KARNATAKA,573,Mandya,5546,Krishnarajpet ,613492,Uygonahalli,78,72
29,KARNATAKA,573,Mandya,5546,Krishnarajpet ,613493,Haralahalli,318,305
29,KARNATAKA,573,Mandya,5546,Krishnarajpet ,613494,Singapura,48,45
29,KARNATAKA,573,Mandya,5546,Krishnarajpet ,613495,Hemmadahalli,32,29
29,KARNATAKA,573,Mandya,5546,Krishnarajpet ,613496,Karathanahalli,236,217
29,KARNATAKA,573,Mandya,5546,Krishnarajpet ,613497,Byrapura,128,118
29,KARNATAKA,573,Mandya,5546,Krishnarajpet ,613498,Shivapura,36,33
29,KARNATAKA,573,Mandya,5546,Krishnarajpet ,613499,Byaladakere,256,240
29,KARNATAKA,573,Mandya,5546,Krishnarajpet ,613500,Chattenahalli,154,142
29,KARNATAKA,573,Mandya,5546,Krishnarajpet ,613501,Hiralahalli,143,132
29,KARNATAKA,573,Mandya,5546,Krishnarajpet ,613502,Oochanahalli,70,64
29,KARNATAKA,573,Mandya,5546,Krishnarajpet ,613503,Honnenahalli,110,100
29,KARNATAKA,573,Mandya,5546,Krishnarajpet ,613504,Murukanahalli,600,590
29,KARNATAKA,573,Mandya,5546,Krishnarajpet ,613505,Naduboganahalli,111,102
29,KARNATAKA,573,Mandya,5546,Krishnarajpet ,613506,Hakkimanchnahalli,58,53
29,KARNATAKA,573,Mandya,5546,Krishnarajpet ,613507,Bommanaykanahalli,31,29
29,KARNATAKA,573,Mandya,5546,Krishnarajpet ,613508,Chowda Ghatta,71,65
29,KARNATAKA,573,Mandya,5546,Krishnarajpet ,613509,Sheerbillenahally,78,72
29,KARNATAKA,573,Mandya,5546,Krishnarajpet ,613510,Navilumaranahalli,86,79
29,KARNATAKA,573,Mandya,5546,Krishnarajpet ,613511,Guduganahalli,115,112
29,KARNATAKA,573,Mandya,5546,Krishnarajpet ,613512,Seelanere,355,319
29,KARNATAKA,573,Mandya,5546,Krishnarajpet ,613513,Maradahalli,131,123
29,KARNATAKA,573,Mandya,5546,Krishnarajpet ,613514,Hadanur,192,177
29,KARNATAKA,573,Mandya,5546,Krishnarajpet ,613515,Ramanahalli,122,122
29,KARNATAKA,573,Mandya,5546,Krishnarajpet ,613516,Paduvabagalu Manchana Halli,154,142
29,KARNATAKA,573,Mandya,5546,Krishnarajpet ,613517,Rajaghatta,177,163
29,KARNATAKA,573,Mandya,5546,Krishnarajpet ,613518,K.G.Kodihalli,109,107
29,KARNATAKA,573,Mandya,5546,Krishnarajpet ,613519,Chattamgere,248,228
29,KARNATAKA,573,Mandya,5546,Krishnarajpet ,613520,Malkonahalli,122,112
29,KARNATAKA,573,Mandya,5546,Krishnarajpet ,613521,Thendekere,219,202
29,KARNATAKA,573,Mandya,5546,Krishnarajpet ,613522,Anchanahalli,206,190
29,KARNATAKA,573,Mandya,5546,Krishnarajpet ,613523,Thagadur,106,98
29,KARNATAKA,573,Mandya,5546,Krishnarajpet ,613524,Anchemuddanahalli,147,135
29,KARNATAKA,573,Mandya,5546,Krishnarajpet ,613525,Ballekere,90,80
29,KARNATAKA,573,Mandya,5546,Krishnarajpet ,613526,Hunusanahalli,64,59
29,KARNATAKA,573,Mandya,5546,Krishnarajpet ,613527,Cheekanahalli,157,152
29,KARNATAKA,573,Mandya,5546,Krishnarajpet ,613528,Bommalapura,109,101
29,KARNATAKA,573,Mandya,5546,Krishnarajpet ,613529,Voddarahalli,130,120
29,KARNATAKA,573,Mandya,5546,Krishnarajpet ,613530,Kuppahalli,229,211
29,KARNATAKA,573,Mandya,5546,Krishnarajpet ,613531,Heggadahalli,345,326
29,KARNATAKA,573,Mandya,5546,Krishnarajpet ,613532,Makavalli,292,269
29,KARNATAKA,573,Mandya,5546,Krishnarajpet ,613533,Hirikalale,552,549
29,KARNATAKA,573,Mandya,5546,Krishnarajpet ,613534,Gangenahalli,65,65
29,KARNATAKA,573,Mandya,5546,Krishnarajpet ,613535,Kadumenasa,191,176
29,KARNATAKA,573,Mandya,5546,Krishnarajpet ,613536,Margonahalli,120,120
29,KARNATAKA,573,Mandya,5546,Krishnarajpet ,613537,Nagarur,134,123
29,KARNATAKA,573,Mandya,5546,Krishnarajpet ,613538,Valageremenasa,276,254
29,KARNATAKA,573,Mandya,5546,Krishnarajpet ,613539,Chilladahalli,63,58
29,KARNATAKA,573,Mandya,5546,Krishnarajpet ,613540,Harinahalli,96,88
29,KARNATAKA,573,Mandya,5546,Krishnarajpet ,613541,Theganahalli,207,191
29,KARNATAKA,573,Mandya,5546,Krishnarajpet ,613542,Komanahalli,106,98
29,KARNATAKA,573,Mandya,5546,Krishnarajpet ,613543,Pura,256,236
29,KARNATAKA,573,Mandya,5546,Krishnarajpet ,613544,Chikkonahalli,138,130
29,KARNATAKA,573,Mandya,5546,Krishnarajpet ,613545,Kundanahalli,62,57
29,KARNATAKA,573,Mandya,5546,Krishnarajpet ,613546,Mallenahalli,130,110
29,KARNATAKA,573,Mandya,5546,Krishnarajpet ,613547,Biliganahalli,57,52
29,KARNATAKA,573,Mandya,5546,Krishnarajpet ,613548,Bandihole,459,423
29,KARNATAKA,573,Mandya,5546,Krishnarajpet ,613550,Laxmipura,195,195
29,KARNATAKA,573,Mandya,5546,Krishnarajpet ,613551,Bellibettadakaval,95,87
29,KARNATAKA,573,Mandya,5546,Krishnarajpet ,613552,Sadugonahalli,110,101
29,KARNATAKA,573,Mandya,5546,Krishnarajpet ,613554,Chikkahosahalli,120,110
29,KARNATAKA,573,Mandya,5546,Krishnarajpet ,613555,Agrahara Bachahalli,390,359
29,KARNATAKA,573,Mandya,5546,Krishnarajpet ,613556,Bommanayakanahalli,31,29
29,KARNATAKA,573,Mandya,5546,Krishnarajpet ,613557,Kodihalli,39,39
29,KARNATAKA,573,Mandya,5546,Krishnarajpet ,613566,Billaramanahalli,21,19
29,KARNATAKA,573,Mandya,5546,Krishnarajpet ,613567,Kathrighatta,116,107
29,KARNATAKA,573,Mandya,5546,Krishnarajpet ,613568,Kurnenahalli,124,114
29,KARNATAKA,573,Mandya,5546,Krishnarajpet ,613569,Thernenahalli,94,87
29,KARNATAKA,573,Mandya,5546,Krishnarajpet ,613570,Hariharapura,413,380
29,KARNATAKA,573,Mandya,5546,Krishnarajpet ,613572,Bommenahalli,260,250
29,KARNATAKA,573,Mandya,5546,Krishnarajpet ,613573,Kommenahalli,31,29
29,KARNATAKA,573,Mandya,5546,Krishnarajpet ,613574,Yadahalli,157,152
29,KARNATAKA,573,Mandya,5546,Krishnarajpet ,613575,Maniganahalli,36,33
29,KARNATAKA,573,Mandya,5546,Krishnarajpet ,613576,Mathighatta,85,78
29,KARNATAKA,573,Mandya,5546,Krishnarajpet ,613577,Chowdenahalli,150,150
29,KARNATAKA,573,Mandya,5546,Krishnarajpet ,613578,Nargonahalli,66,61
29,KARNATAKA,573,Mandya,5546,Krishnarajpet ,613579,Kamanahalli,332,305
29,KARNATAKA,573,Mandya,5546,Krishnarajpet ,613580,Uddinaborekaval,19,17
29,KARNATAKA,573,Mandya,5546,Krishnarajpet ,613581,Chikkamandagere,152,140
29,KARNATAKA,573,Mandya,5546,Krishnarajpet ,613582,Shravanahalli,132,122
29,KARNATAKA,573,Mandya,5546,Krishnarajpet ,613583,Bevinahalli,138,132
29,KARNATAKA,573,Mandya,5546,Krishnarajpet ,613584,Mandagere,232,214
29,KARNATAKA,573,Mandya,5546,Krishnarajpet ,613585,Gaddehosur,139,128
29,KARNATAKA,573,Mandya,5546,Krishnarajpet ,613586,Honnenahalli,263,238
29,KARNATAKA,573,Mandya,5546,Krishnarajpet ,613588,Mallenahalli,64,59
29,KARNATAKA,573,Mandya,5546,Krishnarajpet ,613589,Moodanahalli,237,218
29,KARNATAKA,573,Mandya,5546,Krishnarajpet ,613590,Alenahalli,283,261
29,KARNATAKA,573,Mandya,5546,Krishnarajpet ,613591,Kyathanahalli,75,64
29,KARNATAKA,573,Mandya,5546,Krishnarajpet ,613592,Chowdasamudra,171,157
