MDDS STC,STATE NAME,MDDS DTC,DISTRICT NAME,MDDS Sub_DT,SUB-DISTRICT NAME,MDDS PLCN,Area Name,HH,eHH
32,KERALA,588,Kasaragod,5630,Kasaragod,627058,Vorkady,1001,1001
32,KERALA,588,Kasaragod,5630,Kasaragod,627059,Pathur,551,551
32,KERALA,588,Kasaragod,5630,Kasaragod,627060,Kodalamogaru,974,974
32,KERALA,588,Kasaragod,5630,Kasaragod,627061,Koliyoor,284,284
32,KERALA,588,Kasaragod,5630,Kasaragod,627062,Kaliyoor,341,341
32,KERALA,588,Kasaragod,5630,Kasaragod,627063,Talikala,350,350
32,KERALA,588,Kasaragod,5630,Kasaragod,627064,Meenja,683,683
32,KERALA,588,Kasaragod,5630,Kasaragod,627065,Kadambar,269,269
32,KERALA,588,Kasaragod,5630,Kasaragod,627066,Moodambail,676,676
32,KERALA,588,Kasaragod,5630,Kasaragod,627067,Kuloor,543,543
32,KERALA,588,Kasaragod,5630,Kasaragod,627068,Majibail,299,299
32,KERALA,588,Kasaragod,5630,Kasaragod,627069,Badaje,1239,1239
32,KERALA,588,Kasaragod,5630,Kasaragod,627070,Mulinja,643,643
32,KERALA,588,Kasaragod,5630,Kasaragod,627071,Kodibail,584,584
32,KERALA,588,Kasaragod,5630,Kasaragod,627072,Ichilangod,288,288
32,KERALA,588,Kasaragod,5630,Kasaragod,627073,Heroor,359,359
32,KERALA,588,Kasaragod,5630,Kasaragod,627074,Kubanoor,310,310
32,KERALA,588,Kasaragod,5630,Kasaragod,627075,Bekoor,326,326
32,KERALA,588,Kasaragod,5630,Kasaragod,627076,Kayyar,365,365
32,KERALA,588,Kasaragod,5630,Kasaragod,627077,Kudalmarkala,950,950
32,KERALA,588,Kasaragod,5630,Kasaragod,627078,Paivalike,1266,1266
32,KERALA,588,Kasaragod,5630,Kasaragod,627079,Chippar,325,325
32,KERALA,588,Kasaragod,5630,Kasaragod,627080,Bayar,1769,1769
32,KERALA,588,Kasaragod,5630,Kasaragod,627081,Badoor,913,913
32,KERALA,588,Kasaragod,5630,Kasaragod,627082,Angadimogaru,329,329
32,KERALA,588,Kasaragod,5630,Kasaragod,627083,Mugu,694,694
32,KERALA,588,Kasaragod,5630,Kasaragod,627084,Maire,995,995
32,KERALA,588,Kasaragod,5630,Kasaragod,627085,Enmakaje,1912,1912
32,KERALA,588,Kasaragod,5630,Kasaragod,627086,Kattukukke,651,651
32,KERALA,588,Kasaragod,5630,Kasaragod,627087,Padre,576,576
32,KERALA,588,Kasaragod,5630,Kasaragod,627088,Badiyadka,1551,1551
32,KERALA,588,Kasaragod,5630,Kasaragod,627089,Nirchal,1578,1578
32,KERALA,588,Kasaragod,5630,Kasaragod,627090,Bela,1240,1240
32,KERALA,588,Kasaragod,5630,Kasaragod,627091,Puthige,627,627
32,KERALA,588,Kasaragod,5630,Kasaragod,627092,Edanad,345,345
32,KERALA,588,Kasaragod,5630,Kasaragod,627093,Kannur,352,352
32,KERALA,588,Kasaragod,5630,Kasaragod,627094,Kidoor,643,643
32,KERALA,588,Kasaragod,5630,Kasaragod,627095,Ujarulvar,324,324
32,KERALA,588,Kasaragod,5630,Kasaragod,627096,Bombrana,324,324
32,KERALA,588,Kasaragod,5630,Kasaragod,627097,Arikady,969,969
32,KERALA,588,Kasaragod,5630,Kasaragod,627098,Ichilampady,324,324
32,KERALA,588,Kasaragod,5630,Kasaragod,627099,Patla,657,657
32,KERALA,588,Kasaragod,5630,Kasaragod,627100,Kalnad,2258,2258
32,KERALA,588,Kasaragod,5630,Kasaragod,627101,Perumbala,959,959
32,KERALA,588,Kasaragod,5630,Kasaragod,627102,Thekkil,1643,1643
32,KERALA,588,Kasaragod,5630,Kasaragod,627103,Muttathody,2268,2268
32,KERALA,588,Kasaragod,5630,Kasaragod,627104,Pady,948,948
32,KERALA,588,Kasaragod,5630,Kasaragod,627105,Nekraje,1258,1258
32,KERALA,588,Kasaragod,5630,Kasaragod,627106,Ubrangala,691,691
32,KERALA,588,Kasaragod,5630,Kasaragod,627107,Kumbadaje,2447,2447
32,KERALA,588,Kasaragod,5630,Kasaragod,627108,Nettanige,1878,1878
32,KERALA,588,Kasaragod,5630,Kasaragod,627109,Bellur,1322,1322
32,KERALA,588,Kasaragod,5630,Kasaragod,627110,Adhur,1956,1956
32,KERALA,588,Kasaragod,5630,Kasaragod,627111,Karadka,1575,1575
32,KERALA,588,Kasaragod,5630,Kasaragod,627112,Muliyar,3475,3475
32,KERALA,588,Kasaragod,5630,Kasaragod,627113,Kolathur,1250,1250
32,KERALA,588,Kasaragod,5630,Kasaragod,627114,Bedadka,1904,1904
32,KERALA,588,Kasaragod,5630,Kasaragod,627115,Munnad,1022,1022
32,KERALA,588,Kasaragod,5630,Kasaragod,627116,Kuttikole,976,976
32,KERALA,588,Kasaragod,5630,Kasaragod,627117,Karivedakam,1584,1584
32,KERALA,588,Kasaragod,5630,Kasaragod,627118,Bandadka,1290,1290
32,KERALA,588,Kasaragod,5630,Kasaragod,627119,Adoor,2918,2918
32,KERALA,588,Kasaragod,5630,Kasaragod,627120,Delampady,919,919
32,KERALA,588,Kasaragod,5630,Kasaragod,627121,Kunjathur (CT),1366,1366
32,KERALA,588,Kasaragod,5630,Kasaragod,627122,Manjeshwar (CT),1681,1681
32,KERALA,588,Kasaragod,5630,Kasaragod,627123,Hosabettu (CT),927,927
32,KERALA,588,Kasaragod,5630,Kasaragod,627124,Bangra Manjeshwar (CT),1041,1041
32,KERALA,588,Kasaragod,5630,Kasaragod,627125,Uppala (CT),1711,1711
32,KERALA,588,Kasaragod,5630,Kasaragod,627126,Mangalpady (CT),1288,1288
32,KERALA,588,Kasaragod,5630,Kasaragod,627127,Shiriya (CT),566,566
32,KERALA,588,Kasaragod,5630,Kasaragod,627128,Koipady (CT),2197,2197
32,KERALA,588,Kasaragod,5630,Kasaragod,627129,Mogral (CT),898,898
32,KERALA,588,Kasaragod,5630,Kasaragod,627130,Puthur (CT),1867,1867
32,KERALA,588,Kasaragod,5630,Kasaragod,627131,Shiribagilu (CT),972,972
32,KERALA,588,Kasaragod,5630,Kasaragod,627132,Madhur (CT),1667,1667
32,KERALA,588,Kasaragod,5630,Kasaragod,627133,Kudlu (CT),5545,5545
32,KERALA,588,Kasaragod,5630,Kasaragod,627134,Chengala (CT),1633,1633
32,KERALA,588,Kasaragod,5630,Kasaragod,627135,Chemnad (CT),1664,1664
32,KERALA,588,Kasaragod,5631,Hosdurg,627136,Pallikkara II,2265,2265
32,KERALA,588,Kasaragod,5631,Hosdurg,627137,Panayal,2288,2288
32,KERALA,588,Kasaragod,5631,Hosdurg,627138,Chithari,2309,2309
32,KERALA,588,Kasaragod,5631,Hosdurg,627139,Periya,2356,2356
32,KERALA,588,Kasaragod,5631,Hosdurg,627140,Pullur,2330,2330
32,KERALA,588,Kasaragod,5631,Hosdurg,627141,Bellur,2065,2065
32,KERALA,588,Kasaragod,5631,Hosdurg,627142,Kodom,2099,2099
32,KERALA,588,Kasaragod,5631,Hosdurg,627143,Kallar,2379,2379
32,KERALA,588,Kasaragod,5631,Hosdurg,627144,Panathady,2203,2203
32,KERALA,588,Kasaragod,5631,Hosdurg,627145,Balal,1931,1931
32,KERALA,588,Kasaragod,5631,Hosdurg,627146,Maloth ,2258,2258
32,KERALA,588,Kasaragod,5631,Hosdurg,627147,West Eleri,1539,1539
32,KERALA,588,Kasaragod,5631,Hosdurg,627148,Palavayal,1849,1849
32,KERALA,588,Kasaragod,5631,Hosdurg,627149,Chittarikkal,2169,2169
32,KERALA,588,Kasaragod,5631,Hosdurg,627150,Bheemanady,2610,2610
32,KERALA,588,Kasaragod,5631,Hosdurg,627151,Parappa ,1811,1811
32,KERALA,588,Kasaragod,5631,Hosdurg,627152,Thayanur,2233,2233
32,KERALA,588,Kasaragod,5631,Hosdurg,627153,Ambalathara,1968,1968
32,KERALA,588,Kasaragod,5631,Hosdurg,627154,Madikai,2340,2340
32,KERALA,588,Kasaragod,5631,Hosdurg,627155,Kinanoor,2797,2797
32,KERALA,588,Kasaragod,5631,Hosdurg,627156,Karindalam,1359,1359
32,KERALA,588,Kasaragod,5631,Hosdurg,627157,Cheemeni II,310,310
32,KERALA,588,Kasaragod,5631,Hosdurg,627158,Cheemeni ,1286,1286
32,KERALA,588,Kasaragod,5631,Hosdurg,627159,Kayyur,930,930
32,KERALA,588,Kasaragod,5631,Hosdurg,627160,Kilayikode,948,948
32,KERALA,588,Kasaragod,5631,Hosdurg,627161,Thimiri,605,605
32,KERALA,588,Kasaragod,5631,Hosdurg,627162,Kodakkad,2142,2142
32,KERALA,588,Kasaragod,5631,Hosdurg,627163,Padne,3374,3374
32,KERALA,588,Kasaragod,5631,Hosdurg,627164,Udinoor,2459,2459
32,KERALA,588,Kasaragod,5631,Hosdurg,627165,Bare (CT),2028,2028
32,KERALA,588,Kasaragod,5631,Hosdurg,627166,Udma (CT),1669,1669
32,KERALA,588,Kasaragod,5631,Hosdurg,627167,Pallikkara (CT),2446,2446
32,KERALA,588,Kasaragod,5631,Hosdurg,627168,Keekan (CT),2049,2049
32,KERALA,588,Kasaragod,5631,Hosdurg,627170,Perole (CT),3748,3748
32,KERALA,588,Kasaragod,5631,Hosdurg,627171,Pilicode (CT),1247,1247
32,KERALA,588,Kasaragod,5631,Hosdurg,627172,Maniyat (CT),308,308
32,KERALA,588,Kasaragod,5631,Hosdurg,627173,North Thrikkaripur (CT),2470,2470
32,KERALA,588,Kasaragod,5631,Hosdurg,627174,South Thrikkaripur (CT),3348,3348
32,KERALA,588,Kasaragod,5631,Hosdurg,627175,Nileshwar (OG),6300,6300
32,KERALA,588,Kasaragod,5631,Hosdurg,627176,Cheruvathur (OG)  ,5868,5868
32,KERALA,589,Kannur,5632,Taliparamba ,627178,Peralam,1948,1948
32,KERALA,589,Kannur,5632,Taliparamba ,627179,Kankole,2574,2574
32,KERALA,589,Kannur,5632,Taliparamba ,627180,Alapadamba,2232,2232
32,KERALA,589,Kannur,5632,Taliparamba ,627181,Eramam,2425,2425
32,KERALA,589,Kannur,5632,Taliparamba ,627182,Perinthatta,1428,1428
32,KERALA,589,Kannur,5632,Taliparamba ,627183,Kuttoor,2024,2024
32,KERALA,589,Kannur,5632,Taliparamba ,627184,Vellora,2565,2565
32,KERALA,589,Kannur,5632,Taliparamba ,627185,Peringome,3755,3755
32,KERALA,589,Kannur,5632,Taliparamba ,627186,Thimiri,4496,4496
32,KERALA,589,Kannur,5632,Taliparamba ,627187,Vayakkara,4496,4496
32,KERALA,589,Kannur,5632,Taliparamba ,627188,Pulingome,3756,3756
32,KERALA,589,Kannur,5632,Taliparamba ,627189,Thirumeni,2075,2075
32,KERALA,589,Kannur,5632,Taliparamba ,627192,New Naduvil,6426,6426
32,KERALA,589,Kannur,5632,Taliparamba ,627193,Kooveri,4203,4203
32,KERALA,589,Kannur,5632,Taliparamba ,627194,Panniyoor,2675,2675
32,KERALA,589,Kannur,5632,Taliparamba ,627195,Kuttiyeri,2860,2860
32,KERALA,589,Kannur,5632,Taliparamba ,627196,Pattuvam,3300,3300
32,KERALA,589,Kannur,5632,Taliparamba ,627197,Chuzhali,1001,1001
32,KERALA,589,Kannur,5632,Taliparamba ,627198,Nediyanga,4008,4008
32,KERALA,589,Kannur,5632,Taliparamba ,627199,Eruvassy,3047,3047
32,KERALA,589,Kannur,5632,Taliparamba ,627201,Nuchiyad,4002,4002
32,KERALA,589,Kannur,5632,Taliparamba ,627202,Vayathur,7240,7240
32,KERALA,589,Kannur,5632,Taliparamba ,627203,Padiyoor,2616,2616
32,KERALA,589,Kannur,5632,Taliparamba ,627204,Kalliad,1800,1800
32,KERALA,589,Kannur,5632,Taliparamba ,627205,Sreekandapuram,8776,8776
32,KERALA,589,Kannur,5632,Taliparamba ,627206,Malapattam,2310,2310
32,KERALA,589,Kannur,5632,Taliparamba ,627207,Chengalai,3521,3521
32,KERALA,589,Kannur,5632,Taliparamba ,627208,Kayaralam,6246,6246
32,KERALA,589,Kannur,5632,Taliparamba ,627209,Karivellur (CT),3472,3472
32,KERALA,589,Kannur,5632,Taliparamba ,627210,Pariyaram (CT),6280,6280
32,KERALA,589,Kannur,5632,Taliparamba ,627211,Kurumathur (CT),4116,4116
32,KERALA,589,Kannur,5632,Taliparamba ,627212,Irikkur (CT),3390,3390
32,KERALA,589,Kannur,5632,Taliparamba ,627214,Mayyil (CT),3524,3524
32,KERALA,589,Kannur,5632,Taliparamba ,627215,Kolacherry (CT),5576,5576
32,KERALA,589,Kannur,5632,Taliparamba ,627216,Cheleri (CT),3475,3475
32,KERALA,589,Kannur,5632,Taliparamba ,627217,Maniyoor (CT),1530,1530
32,KERALA,589,Kannur,5633,Kannur,627218,Panapuzha,1002,1002
32,KERALA,589,Kannur,5633,Kannur,627220,Kunhimangalam (CT),1500,1500
32,KERALA,589,Kannur,5633,Kannur,627221,Cheruthazham (CT),7079,7079
32,KERALA,589,Kannur,5633,Kannur,627222,Kadannappalli (CT),1500,1500
32,KERALA,589,Kannur,5633,Kannur,627223,Ezhome (CT),2002,2002
32,KERALA,589,Kannur,5633,Kannur,627225,Cherukunnu (CT),1400,1400
32,KERALA,589,Kannur,5633,Kannur,627226,Kannapuram (CT),4540,4540
32,KERALA,589,Kannur,5633,Kannur,627227,Narath (CT),2560,2560
32,KERALA,589,Kannur,5633,Kannur,627228,Pappinisseri (CT),7230,7230
32,KERALA,589,Kannur,5633,Kannur,627229,Kalliasseri (CT),7155,7155
32,KERALA,589,Kannur,5633,Kannur,627230,Azhikode North (CT),4510,4510
32,KERALA,589,Kannur,5633,Kannur,627231,Azhikode South (CT),5516,5516
32,KERALA,589,Kannur,5633,Kannur,627232,Valapattanam (CT),1334,1334
32,KERALA,589,Kannur,5633,Kannur,627233,Chirakkal (CT),9602,9602
32,KERALA,589,Kannur,5633,Kannur,627234,Kannadiparamba (CT),2796,2796
32,KERALA,589,Kannur,5633,Kannur,627235,Munderi (CT),4249,4249
32,KERALA,589,Kannur,5633,Kannur,627236,Kanhirode (CT),3147,3147
32,KERALA,589,Kannur,5633,Kannur,627237,Varam (CT),3277,3277
32,KERALA,589,Kannur,5633,Kannur,627238,Puzhathi (CT),7088,7088
32,KERALA,589,Kannur,5633,Kannur,627239,Pallikkunnu (CT),6130,6130
32,KERALA,589,Kannur,5633,Kannur,627240,Elayavoor (CT),7460,7460
32,KERALA,589,Kannur,5633,Kannur,627241,Chelora (CT),5246,5246
32,KERALA,589,Kannur,5633,Kannur,627242,Ancharakandy (CT),5249,5249
32,KERALA,589,Kannur,5633,Kannur,627243,Iriveri (CT),3569,3569
32,KERALA,589,Kannur,5633,Kannur,627244,Chala (CT),3489,3489
32,KERALA,589,Kannur,5633,Kannur,627245,Thottada (CT),8802,8802
32,KERALA,589,Kannur,5633,Kannur,627246,Kadachira (CT),4130,4130
32,KERALA,589,Kannur,5633,Kannur,627247,Mavilayi (CT),2702,2702
32,KERALA,589,Kannur,5633,Kannur,627248,Peralassery (CT),3832,3832
32,KERALA,589,Kannur,5633,Kannur,627249,Muzhappilangad (CT),4465,4465
32,KERALA,589,Kannur,5634,Thalassery,627250,Pattannur,3100,3100
32,KERALA,589,Kannur,5634,Thalassery,627251,Chavassery,927,927
32,KERALA,589,Kannur,5634,Thalassery,627252,Keezhur,4312,4312
32,KERALA,589,Kannur,5634,Thalassery,627253,Payam,5238,5238
32,KERALA,589,Kannur,5634,Thalassery,627254,Vilamana,2928,2928
32,KERALA,589,Kannur,5634,Thalassery,627257,Kottiyoor,6620,6620
32,KERALA,589,Kannur,5634,Thalassery,627258,Kelakam,6010,6010
32,KERALA,589,Kannur,5634,Thalassery,627259,Kanichar,4160,4160
32,KERALA,589,Kannur,5634,Thalassery,627260,Manathana,5392,5392
32,KERALA,589,Kannur,5634,Thalassery,627261,Muzhakkunnu,3696,3696
32,KERALA,589,Kannur,5634,Thalassery,627262,Thillenkeri,1700,1700
32,KERALA,589,Kannur,5634,Thalassery,627263,Tholambra,1196,1196
32,KERALA,589,Kannur,5634,Thalassery,627264,Vellarvelly,2467,2467
32,KERALA,589,Kannur,5634,Thalassery,627265,Vekkalam,1037,1037
32,KERALA,589,Kannur,5634,Thalassery,627266,Koloyad,3114,3114
32,KERALA,589,Kannur,5634,Thalassery,627267,Kannavam,1588,1588
32,KERALA,589,Kannur,5634,Thalassery,627268,Sivapuram,6624,6624
32,KERALA,589,Kannur,5634,Thalassery,627269,Cheruvanchery,1288,1288
32,KERALA,589,Kannur,5634,Thalassery,627270,Puthoor,2905,2905
32,KERALA,589,Kannur,5634,Thalassery,627272,Koodali (CT),3057,3057
32,KERALA,589,Kannur,5634,Thalassery,627273,Keezhallur (CT),4834,4834
32,KERALA,589,Kannur,5634,Thalassery,627274,Paduvilayi (CT),4215,4215
32,KERALA,589,Kannur,5634,Thalassery,627275,Pathiriyad (CT),3919,3919
32,KERALA,589,Kannur,5634,Thalassery,627276,Mangattidam (CT),2535,2535
32,KERALA,589,Kannur,5634,Thalassery,627277,Kandamkunnu (CT),2273,2273
32,KERALA,589,Kannur,5634,Thalassery,627278,Manantheri (CT),2277,2277
32,KERALA,589,Kannur,5634,Thalassery,627279,Kottayam-Malabar (CT),3820,3820
32,KERALA,589,Kannur,5634,Thalassery,627280,Eruvatti (CT),3915,3915
32,KERALA,589,Kannur,5634,Thalassery,627281,Pinarayi (CT),3925,3925
32,KERALA,589,Kannur,5634,Thalassery,627282,Dharmadom (CT),6755,6755
32,KERALA,589,Kannur,5634,Thalassery,627283,Eranholi (CT),6044,6044
32,KERALA,589,Kannur,5634,Thalassery,627284,Kadirur (CT),6820,6820
32,KERALA,589,Kannur,5634,Thalassery,627285,Pattiom (CT),4665,4665
32,KERALA,589,Kannur,5634,Thalassery,627286,Mokeri (CT),3460,3460
32,KERALA,589,Kannur,5634,Thalassery,627287,Kolavelloor (CT),2580,2580
32,KERALA,589,Kannur,5634,Thalassery,627288,Panoor (CT),3595,3595
32,KERALA,589,Kannur,5634,Thalassery,627289,Panniyannur (CT),4870,4870
32,KERALA,589,Kannur,5634,Thalassery,627290,New Mahe (CT),2149,2149
32,KERALA,589,Kannur,5634,Thalassery,627291,Chockli (CT),7056,7056
32,KERALA,589,Kannur,5634,Thalassery,627292,Peringathur (CT),8210,8210
32,KERALA,590,Wayanad,5635,Mananthavady,627293,Thirunelly,2730,2730
32,KERALA,590,Wayanad,5635,Mananthavady,627294,Thrissilery,3178,3178
32,KERALA,590,Wayanad,5635,Mananthavady,627295,Payyampally,2245,2245
32,KERALA,590,Wayanad,5635,Mananthavady,627297,Thavinhal,3178,3178
32,KERALA,590,Wayanad,5635,Mananthavady,627298,Periya,2270,2270
32,KERALA,590,Wayanad,5635,Mananthavady,627299,Thondernad,2486,2486
32,KERALA,590,Wayanad,5635,Mananthavady,627300,Valat,2270,2270
32,KERALA,590,Wayanad,5635,Mananthavady,627301,Edavaka,3178,3178
32,KERALA,590,Wayanad,5635,Mananthavady,627302,Nalloornad,2760,2760
32,KERALA,590,Wayanad,5635,Mananthavady,627303,Cherukottur,1816,1816
32,KERALA,590,Wayanad,5635,Mananthavady,627304,Panamaram,2676,2676
32,KERALA,590,Wayanad,5635,Mananthavady,627305,Anchukunnu,4565,4565
32,KERALA,590,Wayanad,5635,Mananthavady,627306,Porunnanore,4050,4050
32,KERALA,590,Wayanad,5635,Mananthavady,627307,Vellamunda,3227,3227
32,KERALA,590,Wayanad,5635,Mananthavady,627308,Kanjirangad,2740,2740
32,KERALA,590,Wayanad,5636,Sulthanbathery,627309,Nadavayal ,5456,5456
32,KERALA,590,Wayanad,5636,Sulthanbathery,627310,Poothadi,6256,6256
32,KERALA,590,Wayanad,5636,Sulthanbathery,627313,Kidanganad,4740,4740
32,KERALA,590,Wayanad,5636,Sulthanbathery,627314,Irulam,7110,7110
32,KERALA,590,Wayanad,5636,Sulthanbathery,627315,Purakkadi ,7177,7177
32,KERALA,590,Wayanad,5636,Sulthanbathery,627316,Krishnagiri,4770,4770
32,KERALA,590,Wayanad,5636,Sulthanbathery,627317,Sulthanbathery,7116,7116
32,KERALA,590,Wayanad,5636,Sulthanbathery,627318,Kuppadi,8591,8591
32,KERALA,590,Wayanad,5636,Sulthanbathery,627319,Noolpuzha,3925,3925
32,KERALA,590,Wayanad,5636,Sulthanbathery,627320,Cheeral,5598,5598
32,KERALA,590,Wayanad,5636,Sulthanbathery,627321,Nenmeni,8629,8629
32,KERALA,590,Wayanad,5636,Sulthanbathery,627322,Ambalavayal,5686,5686
32,KERALA,590,Wayanad,5636,Sulthanbathery,627323,Thomattuchal,6336,6336
32,KERALA,590,Wayanad,5637,Vythiri,627324,Padinharethara,3290,3290
32,KERALA,590,Wayanad,5637,Vythiri,627325,Kuppadithara,2400,2400
32,KERALA,590,Wayanad,5637,Vythiri,627326,Kottathara ,5204,5204
32,KERALA,590,Wayanad,5637,Vythiri,627328,Muttil North ,2826,2826
32,KERALA,590,Wayanad,5637,Vythiri,627329,Muttil South,4311,4311
32,KERALA,590,Wayanad,5637,Vythiri,627330,Vengappally,4882,4882
32,KERALA,590,Wayanad,5637,Vythiri,627331,Kavumannam,3792,3792
32,KERALA,590,Wayanad,5637,Vythiri,627332,Thariyode,938,938
32,KERALA,590,Wayanad,5637,Vythiri,627333,Achooranam,2402,2402
32,KERALA,590,Wayanad,5637,Vythiri,627334,Pozhuthana,2527,2527
32,KERALA,590,Wayanad,5637,Vythiri,627335,Kunnathidavaka,2400,2400
32,KERALA,590,Wayanad,5637,Vythiri,627336,Chundale,2400,2400
32,KERALA,590,Wayanad,5637,Vythiri,627337,Kottappadi (Part),4765,4765
32,KERALA,590,Wayanad,5637,Vythiri,627338,Thrikkaipatta (Part),1920,1920
32,KERALA,590,Wayanad,5637,Vythiri,627340,Vellarimala,1419,1419
32,KERALA,591,Kozhikode,5638,Vadakara,627341,Onchiam,7326,7326
32,KERALA,591,Kozhikode,5638,Vadakara,627342,Vanimel,3687,3687
32,KERALA,591,Kozhikode,5638,Vadakara,627343,Vilangad,2013,2013
32,KERALA,591,Kozhikode,5638,Vadakara,627344,Thinoor,117,117
32,KERALA,591,Kozhikode,5638,Vadakara,627345,Kavilumpara,4855,4855
32,KERALA,591,Kozhikode,5638,Vadakara,627346,Kayakkodi,5867,5867
32,KERALA,591,Kozhikode,5638,Vadakara,627347,Narippatta,6901,6901
32,KERALA,591,Kozhikode,5638,Vadakara,627348,Purameri,2961,2961
32,KERALA,591,Kozhikode,5638,Vadakara,627349,Thiruvallur,4653,4653
32,KERALA,591,Kozhikode,5638,Vadakara,627350,Velom,6280,6280
32,KERALA,591,Kozhikode,5638,Vadakara,627351,Kuttiadi,4637,4637
32,KERALA,591,Kozhikode,5638,Vadakara,627352,Maruthonkara,5465,5465
32,KERALA,591,Kozhikode,5638,Vadakara,627353,Valayam (CT),2463,2463
32,KERALA,591,Kozhikode,5638,Vadakara,627354,Chekkiad (CT),4598,4598
32,KERALA,591,Kozhikode,5638,Vadakara,627355,Thuneri (CT),1469,1469
32,KERALA,591,Kozhikode,5638,Vadakara,627356,Kunnummal (CT),4374,4374
32,KERALA,591,Kozhikode,5638,Vadakara,627357,Nadapuram (CT),9530,9530
32,KERALA,591,Kozhikode,5638,Vadakara,627358,Edacheri (CT),3298,3298
32,KERALA,591,Kozhikode,5638,Vadakara,627359,Eramala (CT),9651,9651
32,KERALA,591,Kozhikode,5638,Vadakara,627360,Azhiyur (CT),8267,8267
32,KERALA,591,Kozhikode,5638,Vadakara,627361,Chorode (CT),7568,7568
32,KERALA,591,Kozhikode,5638,Vadakara,627362,Ayancheri (CT),6984,6984
32,KERALA,591,Kozhikode,5638,Vadakara,627363,Kottappally (CT),4711,4711
32,KERALA,591,Kozhikode,5638,Vadakara,627364,Villiappally (CT),7835,7835
32,KERALA,591,Kozhikode,5638,Vadakara,627365,Palayad (CT),4144,4144
32,KERALA,591,Kozhikode,5638,Vadakara,627366,Maniyur (CT),3924,3924
32,KERALA,591,Kozhikode,5639,Quilandy,627367,Payyoli,5402,5402
32,KERALA,591,Kozhikode,5639,Quilandy,627368,Cheruvannur,5537,5537
32,KERALA,591,Kozhikode,5639,Quilandy,627369,Palery,4006,4006
32,KERALA,591,Kozhikode,5639,Quilandy,627370,Changaroth,3940,3940
32,KERALA,591,Kozhikode,5639,Quilandy,627371,Chempanoda,1429,1429
32,KERALA,591,Kozhikode,5639,Quilandy,627372,Chakkittapara,5445,5445
32,KERALA,591,Kozhikode,5639,Quilandy,627373,Perambra,2626,2626
32,KERALA,591,Kozhikode,5639,Quilandy,627374,Nochad,6318,6318
32,KERALA,591,Kozhikode,5639,Quilandy,627375,Moodadi,3569,3569
32,KERALA,591,Kozhikode,5639,Quilandy,627376,Arikkulam (Part),6298,6298
32,KERALA,591,Kozhikode,5639,Quilandy,627377,Kottur,3500,3500
32,KERALA,591,Kozhikode,5639,Quilandy,627378,Kayanna ,2250,2250
32,KERALA,591,Kozhikode,5639,Quilandy,627379,Koorachundu ,1893,1893
32,KERALA,591,Kozhikode,5639,Quilandy,627380,Kanthalad ,1456,1456
32,KERALA,591,Kozhikode,5639,Quilandy,627381,Avitanallur,3500,3500
32,KERALA,591,Kozhikode,5639,Quilandy,627382,Chengottukavu,5946,5946
32,KERALA,591,Kozhikode,5639,Quilandy,627383,Kinalur,4250,4250
32,KERALA,591,Kozhikode,5639,Quilandy,627384,Unnikulam,12200,12200
32,KERALA,591,Kozhikode,5639,Quilandy,627385,Sivapuram,3450,3450
32,KERALA,591,Kozhikode,5639,Quilandy,627386,Iringal (CT),6052,6052
32,KERALA,591,Kozhikode,5639,Quilandy,627387,Eravattur (CT),3929,3929
32,KERALA,591,Kozhikode,5639,Quilandy,627388,Koothali (CT),2553,2553
32,KERALA,591,Kozhikode,5639,Quilandy,627389,Menhaniam (CT),3809,3809
32,KERALA,591,Kozhikode,5639,Quilandy,627390,Meppayyur (CT),3242,3242
32,KERALA,591,Kozhikode,5639,Quilandy,627391,Kozhukkallur (CT),3364,3364
32,KERALA,591,Kozhikode,5639,Quilandy,627392,Thurayur (CT),3503,3503
32,KERALA,591,Kozhikode,5639,Quilandy,627393,Thikkody (CT),6253,6253
32,KERALA,591,Kozhikode,5639,Quilandy,627394,Keezhariyur (CT),3580,3580
32,KERALA,591,Kozhikode,5639,Quilandy,627395,Naduvannur (CT),4600,4600
32,KERALA,591,Kozhikode,5639,Quilandy,627396,Panangad (CT),3750,3750
32,KERALA,591,Kozhikode,5639,Quilandy,627397,Balusseri (CT),6500,6500
32,KERALA,591,Kozhikode,5639,Quilandy,627398,Ulliyeri (CT),5600,5600
32,KERALA,591,Kozhikode,5639,Quilandy,627399,Chemancheri (CT),4563,4563
32,KERALA,591,Kozhikode,5639,Quilandy,627400,Atholi (CT),4500,4500
32,KERALA,591,Kozhikode,5640,Kozhikode,627401,Kakkur,2400,2400
32,KERALA,591,Kozhikode,5640,Kozhikode,627402,Narikkuni,3400,3400
32,KERALA,591,Kozhikode,5640,Kozhikode,627403,Kizhakkoth,6201,6201
32,KERALA,591,Kozhikode,5640,Kozhikode,627404,Vavad,13500,13500
32,KERALA,591,Kozhikode,5640,Kozhikode,627405,Raroth,12505,12505
32,KERALA,591,Kozhikode,5640,Kozhikode,627406,Kedavur,8219,8219
32,KERALA,591,Kozhikode,5640,Kozhikode,627407,Puthuppadi,12000,12000
32,KERALA,591,Kozhikode,5640,Kozhikode,627408,Engapuzha,750,750
32,KERALA,591,Kozhikode,5640,Kozhikode,627409,Koodathayi ,1542,1542
32,KERALA,591,Kozhikode,5640,Kozhikode,627410,Kodencheri,2698,2698
32,KERALA,591,Kozhikode,5640,Kozhikode,627411,Nellipoyil,3500,3500
32,KERALA,591,Kozhikode,5640,Kozhikode,627412,Koodaranji,7001,7001
32,KERALA,591,Kozhikode,5640,Kozhikode,627413,Thiruvambadi,12500,12500
32,KERALA,591,Kozhikode,5640,Kozhikode,627414,Neeleswaram ,958,958
32,KERALA,591,Kozhikode,5640,Kozhikode,627415,Puthur,6805,6805
32,KERALA,591,Kozhikode,5640,Kozhikode,627416,Chathamangalam ,2369,2369
32,KERALA,591,Kozhikode,5640,Kozhikode,627417,Madavoor,4500,4500
32,KERALA,591,Kozhikode,5640,Kozhikode,627418,Kumaranallur,4500,4500
32,KERALA,591,Kozhikode,5640,Kozhikode,627419,Kakkad,6524,6524
32,KERALA,591,Kozhikode,5640,Kozhikode,627420,Kodiyathur,7500,7500
32,KERALA,591,Kozhikode,5640,Kozhikode,627421,Nanmanda (CT),7500,7500
32,KERALA,591,Kozhikode,5640,Kozhikode,627422,Chelannur (CT),3500,3500
32,KERALA,591,Kozhikode,5640,Kozhikode,627423,Thalakkulathur (CT),4500,4500
32,KERALA,591,Kozhikode,5640,Kozhikode,627424,Kakkodi (CT),10166,10166
32,KERALA,591,Kozhikode,5640,Kozhikode,627425,Kuruvattur (CT),4500,4500
32,KERALA,591,Kozhikode,5640,Kozhikode,627426,Kunnamangalam (CT),10505,10505
32,KERALA,591,Kozhikode,5640,Kozhikode,627427,Poolacode (CT),3757,3757
32,KERALA,591,Kozhikode,5640,Kozhikode,627428,Thazhecode (CT),4600,4600
32,KERALA,591,Kozhikode,5640,Kozhikode,627429,Mavoor (CT),6785,6785
32,KERALA,591,Kozhikode,5640,Kozhikode,627430,Peruvayal (CT),4600,4600
32,KERALA,591,Kozhikode,5640,Kozhikode,627431,Kuttikkattoor (CT),4751,4751
32,KERALA,591,Kozhikode,5640,Kozhikode,627432,Olavanna (CT),9486,9486
32,KERALA,591,Kozhikode,5640,Kozhikode,627433,Pantheeramkavu (CT),5596,5596
32,KERALA,591,Kozhikode,5640,Kozhikode,627435,Ramanattukara (CT),7763,7763
32,KERALA,591,Kozhikode,5640,Kozhikode,627436,Cheruvannur (CT),12325,12325
32,KERALA,591,Kozhikode,5640,Kozhikode,627437,Beypore (CT),14040,14040
32,KERALA,591,Kozhikode,5640,Kozhikode,627438,Karuvanthuruthy (CT),4591,4591
32,KERALA,591,Kozhikode,5640,Kozhikode,627439,Feroke (CT),6720,6720
32,KERALA,591,Kozhikode,5640,Kozhikode,627440,Koduvally (OG),6730,6730
32,KERALA,591,Kozhikode,5640,Kozhikode,627441,Elathur (OG),9861,9861
32,KERALA,591,Kozhikode,5640,Kozhikode,627442,Kadalundi (OG),8656,8656
32,KERALA,591,Kozhikode,5640,Kozhikode,645600,Puthiyangadi (OG) (Part),50,50
32,KERALA,592,Malappuram,5641,Ernad,627443,Vettilappara,1977,1977
32,KERALA,592,Malappuram,5641,Ernad,627446,Cheekkode,4395,4395
32,KERALA,592,Malappuram,5641,Ernad,627448,Urangattiri,6433,6433
32,KERALA,592,Malappuram,5641,Ernad,627449,Perakamanna,5001,5001
32,KERALA,592,Malappuram,5641,Ernad,627450,Edavanna,23308,23308
32,KERALA,592,Malappuram,5641,Ernad,627451,Karakunnu,5427,5427
32,KERALA,592,Malappuram,5641,Ernad,627459,Trikkalangode,5193,5193
32,KERALA,592,Malappuram,5641,Ernad,627460,Elankur,5055,5055
32,KERALA,592,Malappuram,5641,Ernad,627461,Pandalur,3387,3387
32,KERALA,592,Malappuram,5641,Ernad,627462,Vettikkattiri,5352,5352
32,KERALA,592,Malappuram,5641,Ernad,627463,Chembrasseri,5235,5235
32,KERALA,592,Malappuram,5641,Ernad,627464,Pandikkad,21064,21064
32,KERALA,592,Malappuram,5641,Ernad,627465,Kizhuparamba (CT),4536,4536
32,KERALA,592,Malappuram,5641,Ernad,627467,Cherukavu (CT),6171,6171
32,KERALA,592,Malappuram,5641,Ernad,627469,Anakkayam (OG),6509,6509
32,KERALA,592,Malappuram,5642,Nilambur,627470,Pullipadam ,365,365
32,KERALA,592,Malappuram,5642,Nilambur,627471,Akampadam,3871,3871
32,KERALA,592,Malappuram,5642,Nilambur,627472,Kurumbilangode,4364,4364
32,KERALA,592,Malappuram,5642,Nilambur,627473,Chungathara,7882,7882
32,KERALA,592,Malappuram,5642,Nilambur,627474,Edakkara,13177,13177
32,KERALA,592,Malappuram,5642,Nilambur,627475,Vazhikkadavu,10073,10073
32,KERALA,592,Malappuram,5642,Nilambur,627476,Amarambalam,7756,7755
32,KERALA,592,Malappuram,5642,Nilambur,627477,Karulai,5537,5537
32,KERALA,592,Malappuram,5642,Nilambur,627478,Mambad,5378,5378
32,KERALA,592,Malappuram,5642,Nilambur,627479,Thiruvali,11560,11560
32,KERALA,592,Malappuram,5642,Nilambur,627480,Porur,5430,5430
32,KERALA,592,Malappuram,5642,Nilambur,627481,Wandoor,11776,11776
32,KERALA,592,Malappuram,5642,Nilambur,627482,Chekkode,3841,3841
32,KERALA,592,Malappuram,5642,Nilambur,627483,Kalikavu,4473,4473
32,KERALA,592,Malappuram,5642,Nilambur,627484,Vellayur,5106,5106
32,KERALA,592,Malappuram,5642,Nilambur,627485,Thuvvur,5115,5115
32,KERALA,592,Malappuram,5642,Nilambur,627486,Kerala Estate,5127,5127
32,KERALA,592,Malappuram,5642,Nilambur,627487,Karuvarakundu,13489,13489
32,KERALA,592,Malappuram,5642,Nilambur,627488,Nilambur (CT),10223,10223
32,KERALA,592,Malappuram,5643,Perinthalmanna,627489,Edappatta,4532,4532
32,KERALA,592,Malappuram,5643,Perinthalmanna,627490,Melattur,5549,5549
32,KERALA,592,Malappuram,5643,Perinthalmanna,627491,Keezhattur,4045,4045
32,KERALA,592,Malappuram,5643,Perinthalmanna,627492,Nenmini,3136,3136
32,KERALA,592,Malappuram,5643,Perinthalmanna,627494,Vadakkangara,3776,3776
32,KERALA,592,Malappuram,5643,Perinthalmanna,627497,Valambur,5259,5259
32,KERALA,592,Malappuram,5643,Perinthalmanna,627498,Angadippuram,5863,5863
32,KERALA,592,Malappuram,5643,Perinthalmanna,627499,Kariavattom,2923,2923
32,KERALA,592,Malappuram,5643,Perinthalmanna,627500,Vettathur,2464,2464
32,KERALA,592,Malappuram,5643,Perinthalmanna,627501,Arakkuparamba,3444,3444
32,KERALA,592,Malappuram,5643,Perinthalmanna,627502,Thazhekode,4585,4585
32,KERALA,592,Malappuram,5643,Perinthalmanna,627503,Aliparamba,4614,4614
32,KERALA,592,Malappuram,5643,Perinthalmanna,627504,Anamangad,3348,3348
32,KERALA,592,Malappuram,5643,Perinthalmanna,627506,Pulamanthole,5404,5404
32,KERALA,592,Malappuram,5643,Perinthalmanna,627507,Kuruvambalam,2363,2363
32,KERALA,592,Malappuram,5644,Tirur,627511,Pariyapuram,3133,3133
32,KERALA,592,Malappuram,5644,Tirur,627512,Tanur ,3225,3225
32,KERALA,592,Malappuram,5644,Tirur,627513,Ozhur,3125,3125
32,KERALA,592,Malappuram,5644,Tirur,627514,Niramaruthur,3147,3147
32,KERALA,592,Malappuram,5644,Tirur,627515,Valavannur,3129,3129
32,KERALA,592,Malappuram,5644,Tirur,627516,Kalpakancheri,3187,3187
32,KERALA,592,Malappuram,5644,Tirur,627517,Marakkara,4442,4442
32,KERALA,592,Malappuram,5644,Tirur,627519,Melmuri,4413,4413
32,KERALA,592,Malappuram,5644,Tirur,627520,Edayoor,3506,3506
32,KERALA,592,Malappuram,5644,Tirur,627521,Athavanad,4339,4339
32,KERALA,592,Malappuram,5644,Tirur,627522,Kurumbathur,2175,2175
32,KERALA,592,Malappuram,5644,Tirur,627523,Ananthavoor,4666,4666
32,KERALA,592,Malappuram,5644,Tirur,627524,Vettom,4723,4723
32,KERALA,592,Malappuram,5644,Tirur,627525,Purathur,4482,4482
32,KERALA,592,Malappuram,5644,Tirur,627526,Mangalam,4644,4644
32,KERALA,592,Malappuram,5644,Tirur,627528,Perumanna (CT),3155,3155
32,KERALA,592,Malappuram,5644,Tirur,627529,Ponmundam (CT),3116,3116
32,KERALA,592,Malappuram,5644,Tirur,627530,Tanalur (CT),3159,3159
32,KERALA,592,Malappuram,5644,Tirur,627531,Cheriyamundam (CT),3136,3136
32,KERALA,592,Malappuram,5644,Tirur,627532,Kattipparuthi (CT),2385,2385
32,KERALA,592,Malappuram,5644,Tirur,627533,Talakkad (CT),4732,4732
32,KERALA,592,Malappuram,5644,Tirur,627534,Triprangode (CT),4577,4577
32,KERALA,592,Malappuram,5644,Tirur,627535,Thirunavaya (CT),4426,4426
32,KERALA,592,Malappuram,5644,Tirur,627536,Naduvattom (CT),4419,4419
32,KERALA,592,Malappuram,5644,Tirur,627537,Kuttippuram (CT),4474,4474
32,KERALA,592,Malappuram,5644,Tirur,627538,Irimbiliyam (CT),5547,5547
32,KERALA,592,Malappuram,5645,Tirurangadi,627539,Vallikkunnu,6346,6346
32,KERALA,592,Malappuram,5645,Tirurangadi,627540,Parappanangadi ,9314,9314
32,KERALA,592,Malappuram,5645,Tirurangadi,627543,Thenhippalam (CT),6361,6361
32,KERALA,592,Malappuram,5645,Tirurangadi,627544,Ariyallur (CT),6319,6319
32,KERALA,592,Malappuram,5645,Tirurangadi,627545,Moonniyur (CT),6403,6403
32,KERALA,592,Malappuram,5645,Tirurangadi,627546,Peruvallur (CT),6348,6348
32,KERALA,592,Malappuram,5645,Tirurangadi,627547,Kannamangalam (CT),11431,11431
32,KERALA,592,Malappuram,5645,Tirurangadi,627549,Othukkungal (CT),11441,11441
32,KERALA,592,Malappuram,5645,Tirurangadi,627550,Parappur (CT),11394,11394
32,KERALA,592,Malappuram,5645,Tirurangadi,627551,Vengara (CT),11505,11505
32,KERALA,592,Malappuram,5645,Tirurangadi,627552,Abdu Rahiman Nagar (CT),11421,11421
32,KERALA,592,Malappuram,5645,Tirurangadi,627553,Tirurangadi (CT),6379,6379
32,KERALA,592,Malappuram,5645,Tirurangadi,627554,Neduva (CT),6407,6407
32,KERALA,592,Malappuram,5645,Tirurangadi,627555,Nannambra (CT),12667,12667
32,KERALA,592,Malappuram,5645,Tirurangadi,627556,Thennala (CT),11458,11458
32,KERALA,592,Malappuram,5646,Ponnani,627557,Tavanur,7373,7373
32,KERALA,592,Malappuram,5646,Ponnani,627558,Vattamkulam,6111,6111
32,KERALA,592,Malappuram,5646,Ponnani,627559,Veliyankode,3884,3884
32,KERALA,592,Malappuram,5646,Ponnani,627560,Perumpadappa,2951,2951
32,KERALA,592,Malappuram,5646,Ponnani,627561,Nannamukku,2954,2954
32,KERALA,592,Malappuram,5646,Ponnani,627562,Kalady (CT),6085,6085
32,KERALA,592,Malappuram,5646,Ponnani,627563,Edappal (CT),6317,6317
32,KERALA,592,Malappuram,5646,Ponnani,627564,Alamcode (CT),2998,2998
32,KERALA,592,Malappuram,5646,Ponnani,627565,Marancheri (CT),3939,3939
32,KERALA,593,Palakkad,5647,Ottappalam,627569,Vilayur,4673,4673
32,KERALA,593,Palakkad,5647,Ottappalam,627574,Karimpuzha-I,3188,3188
32,KERALA,593,Palakkad,5647,Ottappalam,627575,Karimpuzha-II,1771,1771
32,KERALA,593,Palakkad,5647,Ottappalam,627576,Kadampazhipuram-II,2124,2124
32,KERALA,593,Palakkad,5647,Ottappalam,627577,Kadampazhipuram-I,2478,2478
32,KERALA,593,Palakkad,5647,Ottappalam,627578,Sreekrishnapuram -I,3186,3186
32,KERALA,593,Palakkad,5647,Ottappalam,627579,Sreekrishnapuram -II,2127,2127
32,KERALA,593,Palakkad,5647,Ottappalam,627580,Thrikkadeeri -II,2832,2832
32,KERALA,593,Palakkad,5647,Ottappalam,627581,Thrikkadeeri -I,2479,2479
32,KERALA,593,Palakkad,5647,Ottappalam,627583,Chalavara,6503,6503
32,KERALA,593,Palakkad,5647,Ottappalam,627590,Thirumittacode-I,4293,4293
32,KERALA,593,Palakkad,5647,Ottappalam,627591,Vaniyamkulam-I,4190,4190
32,KERALA,593,Palakkad,5647,Ottappalam,627592,Ambalapara - II,6022,6022
32,KERALA,593,Palakkad,5647,Ottappalam,627593,Ambalapara - I,3551,3551
32,KERALA,593,Palakkad,5647,Ottappalam,627594,Lakkidi-Perur- I ,3010,3010
32,KERALA,593,Palakkad,5647,Ottappalam,627595,Lakkidi-Perur- II ,6550,6550
32,KERALA,593,Palakkad,5647,Ottappalam,627596,Ongallur -II (CT),3933,3933
32,KERALA,593,Palakkad,5647,Ottappalam,627597,Ongallur -I (CT),3063,3063
32,KERALA,593,Palakkad,5647,Ottappalam,627599,Muthuthala (CT),4883,4883
32,KERALA,593,Palakkad,5647,Ottappalam,627601,Vaniyamkulam- II (CT),4137,4137
32,KERALA,593,Palakkad,5647,Ottappalam,627602,Thirumittacode -II (CT),3186,3186
32,KERALA,593,Palakkad,5648,Mannarkad,627603,Alanallur-I,2698,2698
32,KERALA,593,Palakkad,5648,Mannarkad,627604,Alanallur-II,1645,1645
32,KERALA,593,Palakkad,5648,Mannarkad,627605,Alanallur-III,3187,3187
32,KERALA,593,Palakkad,5648,Mannarkad,627606,Kottoppadam-I,1962,1962
32,KERALA,593,Palakkad,5648,Mannarkad,627607,Kottoppadam-III,1937,1937
32,KERALA,593,Palakkad,5648,Mannarkad,627608,Payyanadam,2312,2312
32,KERALA,593,Palakkad,5648,Mannarkad,627609,Padavayal,1708,1708
32,KERALA,593,Palakkad,5648,Mannarkad,627610,Pudur,1865,1865
32,KERALA,593,Palakkad,5648,Mannarkad,627612,Kottathara,2601,2601
32,KERALA,593,Palakkad,5648,Mannarkad,627613,Sholayur,1728,1728
32,KERALA,593,Palakkad,5648,Mannarkad,627614,Kallamala,3004,3004
32,KERALA,593,Palakkad,5648,Mannarkad,627615,Palakkayam,1942,1942
32,KERALA,593,Palakkad,5648,Mannarkad,627616,Mannarkad-II,2735,2735
32,KERALA,593,Palakkad,5648,Mannarkad,627617,Pottassery- I,2694,2694
32,KERALA,593,Palakkad,5648,Mannarkad,627618,Pottassery- II,1549,1549
32,KERALA,593,Palakkad,5648,Mannarkad,627619,Thachampara,2705,2705
32,KERALA,593,Palakkad,5648,Mannarkad,627620,Karimba -I,2752,2752
32,KERALA,593,Palakkad,5648,Mannarkad,627621,Karimba -II,1932,1932
32,KERALA,593,Palakkad,5648,Mannarkad,627623,Kumaramputhur,2725,2725
32,KERALA,593,Palakkad,5648,Mannarkad,627624,Kottoppadam-II,2360,2360
32,KERALA,593,Palakkad,5648,Mannarkad,627625,Thachanattukara-I,1940,1940
32,KERALA,593,Palakkad,5648,Mannarkad,627626,Thachanattukara-II,2324,2324
32,KERALA,593,Palakkad,5649,Palakkad,627628,Kongad-II,3225,3225
32,KERALA,593,Palakkad,5649,Palakkad,627629,Keralassery,4065,4065
32,KERALA,593,Palakkad,5649,Palakkad,627630,Mannur,3992,3992
32,KERALA,593,Palakkad,5649,Palakkad,627631,Mankara,4366,4366
32,KERALA,593,Palakkad,5649,Palakkad,627632,Kongad-I,2396,2396
32,KERALA,593,Palakkad,5649,Palakkad,627633,Mundur-II,1995,1995
32,KERALA,593,Palakkad,5649,Palakkad,627634,Mundur-I,3575,3575
32,KERALA,593,Palakkad,5649,Palakkad,627635,Parli-I,2818,2818
32,KERALA,593,Palakkad,5649,Palakkad,627636,Parli-II,3185,3185
32,KERALA,593,Palakkad,5649,Palakkad,627637,Puthuppariyaram-I,2440,2440
32,KERALA,593,Palakkad,5649,Palakkad,627638,Malampuzha-I,4388,4388
32,KERALA,593,Palakkad,5649,Palakkad,627639,Malampuzha-II,2923,2923
32,KERALA,593,Palakkad,5649,Palakkad,627640,Kannadi-I,3295,3295
32,KERALA,593,Palakkad,5649,Palakkad,627641,Kannadi-II,2265,2265
32,KERALA,593,Palakkad,5649,Palakkad,627642,Kodumba,3960,3960
32,KERALA,593,Palakkad,5649,Palakkad,627643,Peruvemba,4892,4892
32,KERALA,593,Palakkad,5649,Palakkad,627644,Polpully,4851,4851
32,KERALA,593,Palakkad,5649,Palakkad,627645,Elappully-II,4887,4887
32,KERALA,593,Palakkad,5649,Palakkad,627646,Elappully-I,3906,3906
32,KERALA,593,Palakkad,5649,Palakkad,627647,Pudussery East,2928,2928
32,KERALA,593,Palakkad,5649,Palakkad,627648,Puthuppariyaram (CT),7275,7275
32,KERALA,593,Palakkad,5649,Palakkad,627649,Hemambikanagar (CT),1947,1947
32,KERALA,593,Palakkad,5649,Palakkad,627650,Pudussery Central (CT),2926,2926
32,KERALA,593,Palakkad,5649,Palakkad,627651,Pudussery West (CT),3855,3855
32,KERALA,593,Palakkad,5649,Palakkad,627652,Marutharode (CT),6040,6040
32,KERALA,593,Palakkad,5650,Chittur,627654,Koduvayur-II,4694,4694
32,KERALA,593,Palakkad,5650,Chittur,627655,Thathamangalam (Part),1533,1533
32,KERALA,593,Palakkad,5650,Chittur,627656,Chittur (Part),1608,1608
32,KERALA,593,Palakkad,5650,Chittur,627657,Thekkedesom,3017,3017
32,KERALA,593,Palakkad,5650,Chittur,627658,Nalleppilly,3281,3281
32,KERALA,593,Palakkad,5650,Chittur,627659,Kozhinjampara,2728,2728
32,KERALA,593,Palakkad,5650,Chittur,627660,Vadakarapathy,3428,3428
32,KERALA,593,Palakkad,5650,Chittur,627661,Ozhalapathy,2202,2202
32,KERALA,593,Palakkad,5650,Chittur,627662,Eruthempathy,2474,2474
32,KERALA,593,Palakkad,5650,Chittur,627663,Kozhipathy,3528,3528
32,KERALA,593,Palakkad,5650,Chittur,627664,Valiyavallampathy,3764,3764
32,KERALA,593,Palakkad,5650,Chittur,627665,Moolathara,2431,2431
32,KERALA,593,Palakkad,5650,Chittur,627666,Perumatty,1876,1876
32,KERALA,593,Palakkad,5650,Chittur,627667,Vandithavalam,3381,3381
32,KERALA,593,Palakkad,5650,Chittur,627668,Pattanchery,3982,3982
32,KERALA,593,Palakkad,5650,Chittur,627669,Vadavannur,7680,7680
32,KERALA,593,Palakkad,5650,Chittur,627671,Vallanghy,5083,5083
32,KERALA,593,Palakkad,5650,Chittur,627672,Nemmara,5510,5510
32,KERALA,593,Palakkad,5650,Chittur,627673,Ayiloor,2473,2473
32,KERALA,593,Palakkad,5650,Chittur,627674,Kairady,2440,2440
32,KERALA,593,Palakkad,5650,Chittur,627675,Thiruvazhiyad,3046,3046
32,KERALA,593,Palakkad,5650,Chittur,627676,Nelliyampathy,5949,5949
32,KERALA,593,Palakkad,5650,Chittur,627677,Elavancherry,6420,6420
32,KERALA,593,Palakkad,5650,Chittur,627678,Kollengode-II,3960,3960
32,KERALA,593,Palakkad,5650,Chittur,627679,Kollengode-I,7720,7720
32,KERALA,593,Palakkad,5650,Chittur,627680,Muthalamada-I,7731,7731
32,KERALA,593,Palakkad,5650,Chittur,627681,Muthalamada-II,5400,5400
32,KERALA,593,Palakkad,5650,Chittur,627682,Koduvayur (CT),4827,4827
32,KERALA,593,Palakkad,5650,Chittur,627683,Puthunagaram (CT),3844,3844
32,KERALA,593,Palakkad,5651,Alathur,627684,Peringottukurissi-II,2749,2749
32,KERALA,593,Palakkad,5651,Alathur,627685,Peringottukurissi-I,2803,2803
32,KERALA,593,Palakkad,5651,Alathur,627686,Kottayi-I,2809,2809
32,KERALA,593,Palakkad,5651,Alathur,627687,Kottayi-II,2301,2301
32,KERALA,593,Palakkad,5651,Alathur,627688,Mathur -I,3195,3195
32,KERALA,593,Palakkad,5651,Alathur,627689,Mathur -II,2752,2752
32,KERALA,593,Palakkad,5651,Alathur,627690,Kuzhalmannam-II,2273,2273
32,KERALA,593,Palakkad,5651,Alathur,627691,Thenkurissi-I,3295,3295
32,KERALA,593,Palakkad,5651,Alathur,627692,Thenkurissi-II ,3342,3342
32,KERALA,593,Palakkad,5651,Alathur,627693,Kuzhalmannam-I,4064,4064
32,KERALA,593,Palakkad,5651,Alathur,627694,Kuthannur-I,4182,4182
32,KERALA,593,Palakkad,5651,Alathur,627695,Kuthannur-II,1404,1404
32,KERALA,593,Palakkad,5651,Alathur,627696,Tarur-I,2559,2559
32,KERALA,593,Palakkad,5651,Alathur,627697,Tarur-II,1597,1597
32,KERALA,593,Palakkad,5651,Alathur,627698,Erimayur-I ,2505,2505
32,KERALA,593,Palakkad,5651,Alathur,627699,Erimayur-II,2661,2661
32,KERALA,593,Palakkad,5651,Alathur,627701,Kavasseri-I,2285,2285
32,KERALA,593,Palakkad,5651,Alathur,627702,Kavasseri-II,1980,1980
32,KERALA,593,Palakkad,5651,Alathur,627703,Puducode,3578,3578
32,KERALA,593,Palakkad,5651,Alathur,627704,Kannambra-I,2765,2765
32,KERALA,593,Palakkad,5651,Alathur,627705,Kannambra-II,1947,1947
32,KERALA,593,Palakkad,5651,Alathur,627706,Vadakkancheri-I,2874,2874
32,KERALA,593,Palakkad,5651,Alathur,627707,Vadakkancheri-II,1914,1914
32,KERALA,593,Palakkad,5651,Alathur,627708,Vandazhi-II,1916,1916
32,KERALA,593,Palakkad,5651,Alathur,627709,Vandazhi-I,1920,1920
32,KERALA,593,Palakkad,5651,Alathur,627710,Mangalam Dam,1030,1030
32,KERALA,593,Palakkad,5651,Alathur,627711,Kizhakkencheri-II,2657,2657
32,KERALA,593,Palakkad,5651,Alathur,627712,Kizhakkencheri-I,3239,3239
32,KERALA,594,Thrissur,5652,Talappilly,627714,Perumpilavu,1524,1524
32,KERALA,594,Thrissur,5652,Talappilly,627715,Kadangode,397,397
32,KERALA,594,Thrissur,5652,Talappilly,627716,Thichur,1339,1339
32,KERALA,594,Thrissur,5652,Talappilly,627717,Arangottukara,509,509
32,KERALA,594,Thrissur,5652,Talappilly,627718,Pallur,412,412
32,KERALA,594,Thrissur,5652,Talappilly,627719,Thalassery,207,207
32,KERALA,594,Thrissur,5652,Talappilly,627720,Pilakkad,218,218
32,KERALA,594,Thrissur,5652,Talappilly,627721,Varavoor,866,866
32,KERALA,594,Thrissur,5652,Talappilly,627722,Painkulam,776,776
32,KERALA,594,Thrissur,5652,Talappilly,627723,Mayannur,624,624
32,KERALA,594,Thrissur,5652,Talappilly,627724,Pampady,310,310
32,KERALA,594,Thrissur,5652,Talappilly,627725,Thiruvilwamala,774,774
32,KERALA,594,Thrissur,5652,Talappilly,627726,Vadakkethara,671,671
32,KERALA,594,Thrissur,5652,Talappilly,627727,Kondazhy,802,802
32,KERALA,594,Thrissur,5652,Talappilly,627728,Chelakode,309,309
32,KERALA,594,Thrissur,5652,Talappilly,627729,Venganellur,778,778
32,KERALA,594,Thrissur,5652,Talappilly,627730,Killimangalam,722,722
32,KERALA,594,Thrissur,5652,Talappilly,627731,Panjal,467,467
32,KERALA,594,Thrissur,5652,Talappilly,627732,Attoor,2971,2971
32,KERALA,594,Thrissur,5652,Talappilly,627733,Mullurkara,2249,2249
32,KERALA,594,Thrissur,5652,Talappilly,627734,Kanjirakode,229,229
32,KERALA,594,Thrissur,5652,Talappilly,627735,Vellarakkad,305,305
32,KERALA,594,Thrissur,5652,Talappilly,627736,Chowwannur (Part),861,861
32,KERALA,594,Thrissur,5652,Talappilly,627737,Mangad (Part),300,300
32,KERALA,594,Thrissur,5652,Talappilly,627738,Kanipayyur (Part),88,88
32,KERALA,594,Thrissur,5652,Talappilly,627739,Chemmanthatta,427,427
32,KERALA,594,Thrissur,5652,Talappilly,627740,Vellattanjur,301,301
32,KERALA,594,Thrissur,5652,Talappilly,627741,Thayyur,200,200
32,KERALA,594,Thrissur,5652,Talappilly,627742,Kiralur,107,107
32,KERALA,594,Thrissur,5652,Talappilly,627743,Parlikad,201,201
32,KERALA,594,Thrissur,5652,Talappilly,627744,Puthuruthy,200,200
32,KERALA,594,Thrissur,5652,Talappilly,627746,Karumathara,1505,1505
32,KERALA,594,Thrissur,5652,Talappilly,627747,Viruppakka,101,101
32,KERALA,594,Thrissur,5652,Talappilly,627748,Manalithara,2058,2058
32,KERALA,594,Thrissur,5652,Talappilly,627749,Kurumala,320,320
32,KERALA,594,Thrissur,5652,Talappilly,627750,Thonnurkara,455,455
32,KERALA,594,Thrissur,5652,Talappilly,627751,Pangarappilly,321,321
32,KERALA,594,Thrissur,5652,Talappilly,627752,Pulakode,317,317
32,KERALA,594,Thrissur,5652,Talappilly,627753,Pazhayannur,1108,1108
32,KERALA,594,Thrissur,5652,Talappilly,627754,Vennur,162,162
32,KERALA,594,Thrissur,5652,Talappilly,627755,Elanad,630,630
32,KERALA,594,Thrissur,5652,Talappilly,627756,Kaniyarkode (CT),848,848
32,KERALA,594,Thrissur,5652,Talappilly,627757,Cheruthuruthi (CT),902,902
32,KERALA,594,Thrissur,5652,Talappilly,627758,Nedumpura (CT),2729,2729
32,KERALA,594,Thrissur,5652,Talappilly,627759,Desamangalam (CT),2683,2683
32,KERALA,594,Thrissur,5652,Talappilly,627760,Kadavallur (CT),1672,1672
32,KERALA,594,Thrissur,5652,Talappilly,627761,Kattakampal (CT),635,635
32,KERALA,594,Thrissur,5652,Talappilly,627762,Pazhanji (CT),1733,1733
32,KERALA,594,Thrissur,5652,Talappilly,627763,Karikkad (CT),1563,1563
32,KERALA,594,Thrissur,5652,Talappilly,627764,Nelluwaya (CT),1241,1241
32,KERALA,594,Thrissur,5652,Talappilly,627765,Kottappuram (CT),308,308
32,KERALA,594,Thrissur,5652,Talappilly,627766,Chittanda (CT),1513,1513
32,KERALA,594,Thrissur,5652,Talappilly,627767,Kumaranellur (CT),318,318
32,KERALA,594,Thrissur,5652,Talappilly,627768,Chelakkara (CT),605,605
32,KERALA,594,Thrissur,5652,Talappilly,627769,Enkakkad (CT),1823,1823
32,KERALA,594,Thrissur,5652,Talappilly,627770,Wadakkanchery (CT),1850,1850
32,KERALA,594,Thrissur,5652,Talappilly,627771,Kariyannur (CT),313,313
32,KERALA,594,Thrissur,5652,Talappilly,627772,Eyyal (CT),1590,1590
32,KERALA,594,Thrissur,5652,Talappilly,627773,Chiramanangad (CT),1960,1960
32,KERALA,594,Thrissur,5652,Talappilly,627774,Akathiyoor (CT),1447,1447
32,KERALA,594,Thrissur,5652,Talappilly,627775,Porkulam (CT),2600,2600
32,KERALA,594,Thrissur,5652,Talappilly,627776,Choondal (CT),1676,1676
32,KERALA,594,Thrissur,5652,Talappilly,627777,Chiranellur (CT),397,397
32,KERALA,594,Thrissur,5652,Talappilly,627778,Velur (CT),1639,1639
32,KERALA,594,Thrissur,5652,Talappilly,627779,Mundathikode (CT),325,325
32,KERALA,594,Thrissur,5652,Talappilly,627780,Peringandoor (CT),208,208
32,KERALA,594,Thrissur,5652,Talappilly,627781,Minalur (CT),319,319
32,KERALA,594,Thrissur,5652,Talappilly,627782,Eranellur (CT),1481,1481
32,KERALA,594,Thrissur,5652,Talappilly,627783,Alur (CT),3408,3408
32,KERALA,594,Thrissur,5652,Talappilly,627784,Kandanassery (CT),1653,1653
32,KERALA,594,Thrissur,5653,Chavakkad,627786,Annakara,434,434
32,KERALA,594,Thrissur,5653,Chavakkad,627787,Irimbranallur,192,192
32,KERALA,594,Thrissur,5653,Chavakkad,627788,Kundazhiyur,5034,5034
32,KERALA,594,Thrissur,5653,Chavakkad,627790,Nattika,4285,4285
32,KERALA,594,Thrissur,5653,Chavakkad,627792,Kadikkad (CT),639,639
32,KERALA,594,Thrissur,5653,Chavakkad,627793,Punnayurkulam (CT),9628,9628
32,KERALA,594,Thrissur,5653,Chavakkad,627794,Vadakkekad (CT),4021,4021
32,KERALA,594,Thrissur,5653,Chavakkad,627795,Punnayur (CT),2030,2030
32,KERALA,594,Thrissur,5653,Chavakkad,627796,Edakkazhiyur (CT),554,554
32,KERALA,594,Thrissur,5653,Chavakkad,627797,Vylathur (CT),410,410
32,KERALA,594,Thrissur,5653,Chavakkad,627798,Pookode (CT),2155,2155
32,KERALA,594,Thrissur,5653,Chavakkad,627799,Iringaprom (CT),3029,3029
32,KERALA,594,Thrissur,5653,Chavakkad,627800,Perakam (CT),2895,2895
32,KERALA,594,Thrissur,5653,Chavakkad,627801,Orumanayur (CT),945,945
32,KERALA,594,Thrissur,5653,Chavakkad,627802,Paluvai (CT),2128,2128
32,KERALA,594,Thrissur,5653,Chavakkad,627803,Thaikkad (CT),1544,1544
32,KERALA,594,Thrissur,5653,Chavakkad,627804,Brahmakulam (CT),3469,3469
32,KERALA,594,Thrissur,5653,Chavakkad,627805,Elavally (CT),6738,6738
32,KERALA,594,Thrissur,5653,Chavakkad,627806,Pavaratty (CT),2790,2790
32,KERALA,594,Thrissur,5653,Chavakkad,627807,Venmanad (CT),1812,1812
32,KERALA,594,Thrissur,5653,Chavakkad,627808,Mullassery (CT),8815,8815
32,KERALA,594,Thrissur,5653,Chavakkad,627809,Venkitangu (CT),7293,7293
32,KERALA,591,Kozhikode,5640,Kozhikode,645600,Puthiyangadi (OG) (Part),50,50
32,KERALA,594,Thrissur,5654,Thrissur,627813,Madakkathara,3866,3866
32,KERALA,594,Thrissur,5654,Thrissur,627814,Chalakkal,1845,1845
32,KERALA,594,Thrissur,5654,Thrissur,627815,Pananchery,4637,4637
32,KERALA,594,Thrissur,5654,Thrissur,627816,Peechi,4261,4261
32,KERALA,594,Thrissur,5654,Thrissur,627817,Mannamangalam,1874,1874
32,KERALA,594,Thrissur,5654,Thrissur,627818,Mulayam,1610,1610
32,KERALA,594,Thrissur,5654,Thrissur,627819,Pullu,213,213
32,KERALA,594,Thrissur,5654,Thrissur,627820,Pallippuram,560,560
32,KERALA,594,Thrissur,5654,Thrissur,627821,Alappad,1890,1890
32,KERALA,594,Thrissur,5654,Thrissur,627822,Chazhoor,2154,2154
32,KERALA,594,Thrissur,5654,Thrissur,627823,Inchamudi,893,893
32,KERALA,594,Thrissur,5654,Thrissur,627824,Arattupuzha,2686,2686
32,KERALA,594,Thrissur,5654,Thrissur,627825,Killannur (CT),1005,1005
32,KERALA,594,Thrissur,5654,Thrissur,627826,Thangalur (CT),857,857
32,KERALA,594,Thrissur,5654,Thrissur,627827,Avanur (CT),322,322
32,KERALA,594,Thrissur,5654,Thrissur,627828,Anjur (CT),395,395
32,KERALA,594,Thrissur,5654,Thrissur,627829,Kaiparamba (CT),145,145
32,KERALA,594,Thrissur,5654,Thrissur,627830,Tholur (CT),3042,3042
32,KERALA,594,Thrissur,5654,Thrissur,627831,Edakkalathur (CT),4680,4680
32,KERALA,594,Thrissur,5654,Thrissur,627832,Peramangalam (CT),4773,4773
32,KERALA,594,Thrissur,5654,Thrissur,627833,Choolissery (CT),1065,1065
32,KERALA,594,Thrissur,5654,Thrissur,627834,Pottore (CT),1948,1948
32,KERALA,594,Thrissur,5654,Thrissur,627835,Kolazhy (CT),2957,2957
32,KERALA,594,Thrissur,5654,Thrissur,627836,Kurichikkara (CT),268,268
32,KERALA,594,Thrissur,5654,Thrissur,627837,Vellanikkara (CT),140,140
32,KERALA,594,Thrissur,5654,Thrissur,627838,Kuttoor (CT),2546,2546
32,KERALA,594,Thrissur,5654,Thrissur,627839,Puzhakkal (CT),1637,1637
32,KERALA,594,Thrissur,5654,Thrissur,627840,Puranattukara (CT),2631,2631
32,KERALA,594,Thrissur,5654,Thrissur,627841,Chittilappilly (CT),7048,7048
32,KERALA,594,Thrissur,5654,Thrissur,627842,Adat (CT),4892,4892
32,KERALA,594,Thrissur,5654,Thrissur,627843,Kozhukkully (CT),2190,2190
32,KERALA,594,Thrissur,5654,Thrissur,627844,Kainoor (CT),1069,1069
32,KERALA,594,Thrissur,5654,Thrissur,627845,Nadathara (CT),2871,2871
32,KERALA,594,Thrissur,5654,Thrissur,627846,Parakkad (CT),400,400
32,KERALA,594,Thrissur,5654,Thrissur,627847,Karamuck (CT),2653,2653
32,KERALA,594,Thrissur,5654,Thrissur,627848,Manalur (CT),3540,3540
32,KERALA,594,Thrissur,5654,Thrissur,627849,Eravu (CT),185,185
32,KERALA,594,Thrissur,5654,Thrissur,627850,Veluthur (CT),402,402
32,KERALA,594,Thrissur,5654,Thrissur,627851,Manakkody (CT),300,300
32,KERALA,594,Thrissur,5654,Thrissur,627852,Marathakkara (CT),3604,3604
32,KERALA,594,Thrissur,5654,Thrissur,627853,Puthur (CT),1962,1962
32,KERALA,594,Thrissur,5654,Thrissur,627854,Avinissery (CT),3198,3198
32,KERALA,594,Thrissur,5654,Thrissur,627855,Palissery (CT),1915,1915
32,KERALA,594,Thrissur,5654,Thrissur,627856,Venginissery (CT),1239,1239
32,KERALA,594,Thrissur,5654,Thrissur,627857,Kodannur (CT),2278,2278
32,KERALA,594,Thrissur,5654,Thrissur,627858,Anthicad (CT),2086,2086
32,KERALA,594,Thrissur,5654,Thrissur,627859,Padiyam (CT),2666,2666
32,KERALA,594,Thrissur,5654,Thrissur,627860,Vadakkummuri (CT),935,935
32,KERALA,594,Thrissur,5654,Thrissur,627861,Kizhakkummuri (CT),981,981
32,KERALA,594,Thrissur,5654,Thrissur,627862,Cherpu (CT),4197,4197
32,KERALA,594,Thrissur,5654,Thrissur,627863,Paralam (CT),1655,1655
32,KERALA,594,Thrissur,5654,Thrissur,627864,Chevvoor (CT),3887,3887
32,KERALA,594,Thrissur,5654,Thrissur,627865,Vallachira (CT),3167,3167
32,KERALA,594,Thrissur,5654,Thrissur,627866,Oorakam (CT),3337,3337
32,KERALA,594,Thrissur,5654,Thrissur,627867,Kurumpilavu (CT),1868,1868
32,KERALA,594,Thrissur,5654,Thrissur,627868,Kizhuppillikkara (CT),2633,2633
32,KERALA,594,Thrissur,5654,Thrissur,627869,Thanniyam (CT),3468,3468
32,KERALA,594,Thrissur,5655,Kodungallur,627870,Koolimuttam,2506,2506
32,KERALA,594,Thrissur,5655,Kodungallur,627871,Padinjare Vemballur,2439,2439
32,KERALA,594,Thrissur,5655,Kodungallur,627872,Azhikode,4632,4632
32,KERALA,594,Thrissur,5655,Kodungallur,627873,Edathiruthy (CT),3800,3800
32,KERALA,594,Thrissur,5655,Kodungallur,627874,Chendrappini (CT),1410,1410
32,KERALA,594,Thrissur,5655,Kodungallur,627877,Pappinivattom (CT),2951,2951
32,KERALA,594,Thrissur,5655,Kodungallur,627878,Panangad (CT),2951,2951
32,KERALA,594,Thrissur,5655,Kodungallur,627879,Edavilangu (CT),4995,4995
32,KERALA,594,Thrissur,5655,Kodungallur,627880,Ala (CT),14,14
32,KERALA,594,Thrissur,5655,Kodungallur,627881,Pallippuram (CT),7,7
32,KERALA,594,Thrissur,5655,Kodungallur,627882,Methala (CT),9397,9397
32,KERALA,594,Thrissur,5655,Kodungallur,627883,Poyya (CT),8898,8898
32,KERALA,594,Thrissur,5655,Kodungallur,627884,Madathumpady (CT),10,10
32,KERALA,594,Thrissur,5655,Kodungallur,627885,Eriyad (OG),6334,6334
32,KERALA,594,Thrissur,5656,Mukundapuram,627886,Karalam (Part),3532,3532
32,KERALA,594,Thrissur,5656,Mukundapuram,627887,Thottippal,2364,2364
32,KERALA,594,Thrissur,5656,Mukundapuram,627888,Kallur,5879,5879
32,KERALA,594,Thrissur,5656,Mukundapuram,627890,Mupliyam,5228,5228
32,KERALA,594,Thrissur,5656,Mukundapuram,627891,Nandipulam,320,320
32,KERALA,594,Thrissur,5656,Mukundapuram,627892,Chengallur,4283,4283
32,KERALA,594,Thrissur,5656,Mukundapuram,627893,Nellayi,2277,2277
32,KERALA,594,Thrissur,5656,Mukundapuram,627894,Anandapuram,3174,3174
32,KERALA,594,Thrissur,5656,Mukundapuram,627895,Muriyad,5875,5875
32,KERALA,594,Thrissur,5656,Mukundapuram,627896,Irinjalakuda (Part),559,559
32,KERALA,594,Thrissur,5656,Mukundapuram,627897,Kaduppassery,1972,1972
32,KERALA,594,Thrissur,5656,Mukundapuram,627900,Vellikulangara,15058,15058
32,KERALA,594,Thrissur,5656,Mukundapuram,627901,Kuttichira,4668,4668
32,KERALA,594,Thrissur,5656,Mukundapuram,627902,Kodassery ,37,37
32,KERALA,594,Thrissur,5656,Mukundapuram,627904,Elanjipra,5314,5314
32,KERALA,594,Thrissur,5656,Mukundapuram,627905,Alur,16,16
32,KERALA,594,Thrissur,5656,Mukundapuram,627906,Thazhekkad,10398,10398
32,KERALA,594,Thrissur,5656,Mukundapuram,627907,Kottanellur,1879,1879
32,KERALA,594,Thrissur,5656,Mukundapuram,627908,Vallivattom,3078,3078
32,KERALA,594,Thrissur,5656,Mukundapuram,627909,Karumathra,868,868
32,KERALA,594,Thrissur,5656,Mukundapuram,627910,Puthenchira,9880,9880
32,KERALA,594,Thrissur,5656,Mukundapuram,627911,Vadakkumbhagom,2636,2636
32,KERALA,594,Thrissur,5656,Mukundapuram,627912,Annallur,8,8
32,KERALA,594,Thrissur,5656,Mukundapuram,627913,Melur,7967,7967
32,KERALA,594,Thrissur,5656,Mukundapuram,627914,Kizhakkummuri,11958,11958
32,KERALA,594,Thrissur,5656,Mukundapuram,627915,Alathur,10123,10123
32,KERALA,594,Thrissur,5656,Mukundapuram,627916,Kuruvilassery,20,20
32,KERALA,594,Thrissur,5656,Mukundapuram,627917,Kakkulissery,5478,5478
32,KERALA,594,Thrissur,5656,Mukundapuram,627918,Thirumukkulam,45,45
32,KERALA,594,Thrissur,5656,Mukundapuram,627919,Trikkur (CT),485,485
32,KERALA,594,Thrissur,5656,Mukundapuram,627920,Nenmenikkara (CT),9400,9400
32,KERALA,594,Thrissur,5656,Mukundapuram,627922,Puthukkad (CT),3120,3120
32,KERALA,594,Thrissur,5656,Mukundapuram,627923,Parappukkara (CT),9922,9922
32,KERALA,594,Thrissur,5656,Mukundapuram,627924,Kattur (CT),3603,3603
32,KERALA,594,Thrissur,5656,Mukundapuram,627925,Porathissery (CT),2828,2828
32,KERALA,594,Thrissur,5656,Mukundapuram,627926,Madayikonam (CT),4872,4872
32,KERALA,594,Thrissur,5656,Mukundapuram,627927,Kallettumkara (CT),4963,4963
32,KERALA,594,Thrissur,5656,Mukundapuram,627928,Pullur (CT),3784,3784
32,KERALA,594,Thrissur,5656,Mukundapuram,627929,Manavalassery (CT),10,10
32,KERALA,594,Thrissur,5656,Mukundapuram,627930,Edathirinji (CT),3172,3172
32,KERALA,594,Thrissur,5656,Mukundapuram,627931,Vellookkara (CT),3971,3971
32,KERALA,594,Thrissur,5656,Mukundapuram,627932,Vadakkumkara (CT),4809,4809
32,KERALA,594,Thrissur,5656,Mukundapuram,627933,Poomangalam (CT),2762,2762
32,KERALA,594,Thrissur,5656,Mukundapuram,627934,Padiyur (CT),2227,2227
32,KERALA,594,Thrissur,5656,Mukundapuram,627935,Thekkumkara (CT),3833,3833
32,KERALA,594,Thrissur,5656,Mukundapuram,627936,Muringur Vadakkummuri (CT),1278,1278
32,KERALA,594,Thrissur,5656,Mukundapuram,627937,Koratty (CT),4575,4575
32,KERALA,594,Thrissur,5656,Mukundapuram,627938,Kallur Vadakkummuri (CT),6399,6399
32,KERALA,594,Thrissur,5656,Mukundapuram,627939,Vadama (CT),9364,9364
32,KERALA,594,Thrissur,5656,Mukundapuram,627940,Kallur Thekkummuri (CT),4804,4804
32,KERALA,595,Ernakulam,5657,Kunnathunad,627941,Kodanad,3940,3940
32,KERALA,595,Ernakulam,5657,Kunnathunad,627942,Kombanad,4247,4247
32,KERALA,595,Ernakulam,5657,Kunnathunad,627943,Vengoor,3541,3541
32,KERALA,595,Ernakulam,5657,Kunnathunad,627944,Vengoor West,2575,2575
32,KERALA,595,Ernakulam,5657,Kunnathunad,627945,Asamannoor,4409,4409
32,KERALA,595,Ernakulam,5657,Kunnathunad,627946,Rayamangalam,4598,4598
32,KERALA,595,Ernakulam,5657,Kunnathunad,627947,Arakapady,7563,7563
32,KERALA,595,Ernakulam,5657,Kunnathunad,627948,Irapuram ,3967,3967
32,KERALA,595,Ernakulam,5657,Kunnathunad,627949,Mazhuvannoor,1029,1029
32,KERALA,595,Ernakulam,5657,Kunnathunad,627950,Pattimattom ,3435,3435
32,KERALA,595,Ernakulam,5657,Kunnathunad,627951,Kizhakkambalam,8953,8953
32,KERALA,595,Ernakulam,5657,Kunnathunad,627952,Vadavukode,330,330
32,KERALA,595,Ernakulam,5657,Kunnathunad,627953,Aikaranad North,2137,2137
32,KERALA,595,Ernakulam,5657,Kunnathunad,627954,Aikaranad South,1687,1687
32,KERALA,595,Ernakulam,5657,Kunnathunad,627955,Thiruvaniyoor,1773,1773
32,KERALA,595,Ernakulam,5657,Kunnathunad,627956,Koovappady (CT),4214,4214
32,KERALA,595,Ernakulam,5657,Kunnathunad,627957,Chelamattom (CT),4720,4720
32,KERALA,595,Ernakulam,5657,Kunnathunad,627958,Marampilly (CT),6343,6343
32,KERALA,595,Ernakulam,5657,Kunnathunad,627959,Vazhakulam (CT),7435,7435
32,KERALA,595,Ernakulam,5657,Kunnathunad,627960,Vengola (CT),7570,7570
32,KERALA,595,Ernakulam,5657,Kunnathunad,627961,Perumbavoor (CT),5535,5535
32,KERALA,595,Ernakulam,5657,Kunnathunad,627962,Kunnathunad (CT),5420,5420
32,KERALA,595,Ernakulam,5657,Kunnathunad,627963,Puthencruz (CT),2198,2198
32,KERALA,595,Ernakulam,5658,Aluva,627964,Parakkadavu,4773,4773
32,KERALA,595,Ernakulam,5658,Aluva,627965,Karukutty,10020,10020
32,KERALA,595,Ernakulam,5658,Aluva,627966,Mookkannoor,3008,3008
32,KERALA,595,Ernakulam,5658,Aluva,627967,Ayyampuzha,5023,5023
32,KERALA,595,Ernakulam,5658,Aluva,627968,Manjapra,6021,6021
32,KERALA,595,Ernakulam,5658,Aluva,627969,Malayattoor,6028,6028
32,KERALA,595,Ernakulam,5658,Aluva,627970,Thuravoor,4009,4009
32,KERALA,595,Ernakulam,5658,Aluva,627971,Kalady (CT),20019,20019
32,KERALA,595,Ernakulam,5658,Aluva,627972,Mattoor (CT),2013,2013
32,KERALA,595,Ernakulam,5658,Aluva,627973,Vadakkumbhagom (CT),3028,3028
32,KERALA,595,Ernakulam,5658,Aluva,627974,Chowwara (CT),3691,3691
32,KERALA,595,Ernakulam,5658,Aluva,627976,Chengamanad (CT),7307,7307
32,KERALA,595,Ernakulam,5658,Aluva,627977,Kizhakkumbhagom (CT),5004,5004
32,KERALA,595,Ernakulam,5658,Aluva,627978,Thekkumbhagom (CT),1008,1008
32,KERALA,595,Ernakulam,5658,Aluva,627979,Edathala (CT),18469,18469
32,KERALA,595,Ernakulam,5658,Aluva,627980,Choornikkara (CT),8633,8633
32,KERALA,595,Ernakulam,5659,Paravur,627981,Kunnukara,29959,29959
32,KERALA,595,Ernakulam,5659,Paravur,627982,Ezhikkara,31621,31621
32,KERALA,595,Ernakulam,5659,Paravur,627983,Puthenvelikkara (CT),14012,14012
32,KERALA,595,Ernakulam,5659,Paravur,627984,Chendamangalam (CT),7659,7659
32,KERALA,595,Ernakulam,5659,Paravur,627985,Moothakunnam (CT),16416,16416
32,KERALA,595,Ernakulam,5659,Paravur,627986,Vadakkekara (CT),6262,6262
32,KERALA,595,Ernakulam,5659,Paravur,627987,Karumalloor (CT),7208,7208
32,KERALA,595,Ernakulam,5659,Paravur,627988,Kadungalloor (CT),9564,9564
32,KERALA,595,Ernakulam,5659,Paravur,627989,Alangad (CT),11807,11807
32,KERALA,595,Ernakulam,5659,Paravur,627990,Kottuvally (CT),10875,10875
32,KERALA,595,Ernakulam,5659,Paravur,627991,Varappuzha (CT),6752,6752
32,KERALA,595,Ernakulam,5659,Paravur,627992,Eloor (CT),7910,7910
32,KERALA,595,Ernakulam,5659,Paravur,645601,Kedamangalam (OG) (Part),5829,5829
32,KERALA,595,Ernakulam,5660,Kochi,627993,Kuzhuppilly,6101,6101
32,KERALA,595,Ernakulam,5660,Kochi,627994,Pallippuram,9166,9166
32,KERALA,595,Ernakulam,5660,Kochi,627995,Edavanakkad,9648,9648
32,KERALA,595,Ernakulam,5660,Kochi,627996,Nayarambalam,7059,7059
32,KERALA,595,Ernakulam,5660,Kochi,627997,Chellanam,3452,3452
32,KERALA,595,Ernakulam,5660,Kochi,627998,Njarackal (CT),8465,8465
32,KERALA,595,Ernakulam,5660,Kochi,627999,Elamkunnapuzha (CT),8568,8568
32,KERALA,595,Ernakulam,5660,Kochi,628000,Puthuvype (CT),6589,6589
32,KERALA,595,Ernakulam,5660,Kochi,628001,Kumbalangy (CT),10052,10052
32,KERALA,595,Ernakulam,5660,Kochi,645602,Cheriyakadavu (OG) (Part),1975,1975
32,KERALA,595,Ernakulam,5661,Kanayannur,628002,Thrikkakara North (Part),3252,3252
32,KERALA,595,Ernakulam,5661,Kanayannur,628003,Edakkattuvayal,1101,1101
32,KERALA,595,Ernakulam,5661,Kanayannur,628004,Kaippattur,714,714
32,KERALA,595,Ernakulam,5661,Kanayannur,628005,Kulayettikara,651,651
32,KERALA,595,Ernakulam,5661,Kanayannur,628006,Keecherry,693,693
32,KERALA,595,Ernakulam,5661,Kanayannur,628007,Kakkanad (CT),6425,6425
32,KERALA,595,Ernakulam,5661,Kanayannur,628008,Vazhakkala (CT),12768,12768
32,KERALA,595,Ernakulam,5661,Kanayannur,628009,Cheranallur (CT),7625,7625
32,KERALA,595,Ernakulam,5661,Kanayannur,628010,Kadamakkudy (CT),4032,4032
32,KERALA,595,Ernakulam,5661,Kanayannur,628011,Mulavukad (CT),5320,5320
32,KERALA,595,Ernakulam,5661,Kanayannur,628012,Thiruvankulam (CT),5944,5944
32,KERALA,595,Ernakulam,5661,Kanayannur,628013,Kanayannur (CT),1260,1260
32,KERALA,595,Ernakulam,5661,Kanayannur,628014,Kureekkad (CT),3461,3461
32,KERALA,595,Ernakulam,5661,Kanayannur,628015,Maradu (CT),11072,11072
32,KERALA,595,Ernakulam,5661,Kanayannur,628016,Kumbalam (CT),7218,7218
32,KERALA,595,Ernakulam,5661,Kanayannur,628019,Amballur (CT),909,909
32,KERALA,595,Ernakulam,5662,Muvattupuzha,628020,Valakam,6806,6806
32,KERALA,595,Ernakulam,5662,Muvattupuzha,628021,Mulavoor,6236,6236
32,KERALA,595,Ernakulam,5662,Muvattupuzha,628022,Enanalloor ,507,507
32,KERALA,595,Ernakulam,5662,Muvattupuzha,628023,Kalloorkkad ,3157,3157
32,KERALA,595,Ernakulam,5662,Muvattupuzha,628024,Manjalloor,6278,6278
32,KERALA,595,Ernakulam,5662,Muvattupuzha,628025,Muvattupuzha (Part),7176,7176
32,KERALA,595,Ernakulam,5662,Muvattupuzha,628026,Arakuzha,6417,6417
32,KERALA,595,Ernakulam,5662,Muvattupuzha,628027,Marady (Part),6564,6564
32,KERALA,595,Ernakulam,5662,Muvattupuzha,628028,Memury,3802,3802
32,KERALA,595,Ernakulam,5662,Muvattupuzha,628029,Ramamangalam,3867,3867
32,KERALA,595,Ernakulam,5662,Muvattupuzha,628030,Maneed,4136,4136
32,KERALA,595,Ernakulam,5662,Muvattupuzha,628031,Piravom,4514,4514
32,KERALA,595,Ernakulam,5662,Muvattupuzha,628032,Onakkoor,4012,4012
32,KERALA,595,Ernakulam,5662,Muvattupuzha,628033,Thirumarady,4320,4320
32,KERALA,595,Ernakulam,5662,Muvattupuzha,628034,Palakkuzha,4047,4047
32,KERALA,595,Ernakulam,5662,Muvattupuzha,628035,Koothattukulam,4404,4404
32,KERALA,595,Ernakulam,5662,Muvattupuzha,628036,Elanji,4172,4172
32,KERALA,595,Ernakulam,5662,Muvattupuzha,628037,Velloorkunnam (CT),6805,6805
32,KERALA,595,Ernakulam,5663,Kothamangalam,628038,Thrikkariyoor (Part),4261,4261
32,KERALA,595,Ernakulam,5663,Kothamangalam,628039,Kottappady,5258,5258
32,KERALA,595,Ernakulam,5663,Kothamangalam,628040,Pindimana,5212,5212
32,KERALA,595,Ernakulam,5663,Kothamangalam,628041,Kuttampuzha,5669,5669
32,KERALA,595,Ernakulam,5663,Kothamangalam,628042,Keerampara,7087,7087
32,KERALA,595,Ernakulam,5663,Kothamangalam,628043,Kuttamangalam,8573,8573
32,KERALA,595,Ernakulam,5663,Kothamangalam,628044,Neriamangalam ,6468,6468
32,KERALA,595,Ernakulam,5663,Kothamangalam,628047,Varappetty,6511,6511
32,KERALA,595,Ernakulam,5663,Kothamangalam,628048,Eramalloor (CT),7201,7201
32,KERALA,596,Idukki ,5664,Devikulam,628049,Marayoor,8130,8130
32,KERALA,596,Idukki ,5664,Devikulam,628050,Keezhanthoor,2500,2500
32,KERALA,596,Idukki ,5664,Devikulam,628051,Kanthalloor,6150,6150
32,KERALA,596,Idukki ,5664,Devikulam,628052,Kottakamboor,2900,2608
32,KERALA,596,Idukki ,5664,Devikulam,628053,Vattavada,4525,4525
32,KERALA,596,Idukki ,5664,Devikulam,628055,Mankulam,7866,7866
32,KERALA,596,Idukki ,5664,Devikulam,628057,Anaviratty,938,886
32,KERALA,596,Idukki ,5664,Devikulam,628058,Pallivasal,1032,951
32,KERALA,596,Idukki ,5664,Devikulam,628059,Kunjithanny,1459,1296
32,KERALA,596,Idukki ,5664,Devikulam,628060,Vellathuval,1878,1878
32,KERALA,596,Idukki ,5665,Udumbanchola,628062,Rajakkad ,1962,1899
32,KERALA,596,Idukki ,5665,Udumbanchola,628063,Baisonvally,1885,1885
32,KERALA,596,Idukki ,5665,Udumbanchola,628064,Chinnakanal,6065,5958
32,KERALA,596,Idukki ,5665,Udumbanchola,628065,Poopara ,941,941
32,KERALA,596,Idukki ,5665,Udumbanchola,628066,Rajakumari,2000,1844
32,KERALA,596,Idukki ,5665,Udumbanchola,628067,Kanthippara,1153,1042
32,KERALA,596,Idukki ,5665,Udumbanchola,628068,Santhanpara,3993,3993
32,KERALA,596,Idukki ,5665,Udumbanchola,628069,Chathurangapara,1132,1007
32,KERALA,596,Idukki ,5665,Udumbanchola,628070,Udumbanchola,5026,4893
32,KERALA,596,Idukki ,5665,Udumbanchola,628072,Upputhode,7860,7860
32,KERALA,596,Idukki ,5665,Udumbanchola,628075,Parathodu,6423,6412
32,KERALA,596,Idukki ,5665,Udumbanchola,628076,Pampadumpara,3637,3549
32,KERALA,596,Idukki ,5665,Udumbanchola,628078,Vandanmedu,5777,5777
32,KERALA,596,Idukki ,5665,Udumbanchola,628081,Anavilasam ,1087,1087
32,KERALA,596,Idukki ,5665,Udumbanchola,628082,Chakkupallam,8902,8902
32,KERALA,596,Idukki ,5665,Udumbanchola,628083,Anakkara,13709,13709
32,KERALA,596,Idukki ,5666,Thodupuzha,628085,Kodikulam ,1733,1684
32,KERALA,596,Idukki ,5666,Thodupuzha,628088,Udumbannoor,43730,43730
32,KERALA,596,Idukki ,5666,Thodupuzha,628089,Neyyasseri,1806,1787
32,KERALA,596,Idukki ,5666,Thodupuzha,628090,Karimannoor,3259,3217
32,KERALA,596,Idukki ,5666,Thodupuzha,628091,Karikkode (Part),2670,2621
32,KERALA,596,Idukki ,5666,Thodupuzha,628092,Thodupuzha (Part),264,264
32,KERALA,596,Idukki ,5666,Thodupuzha,628093,Manakkad (Part),3520,3402
32,KERALA,596,Idukki ,5666,Thodupuzha,628094,Purapuzha,2908,2908
32,KERALA,596,Idukki ,5666,Thodupuzha,628095,Karimkunnam (Part),2881,2881
32,KERALA,596,Idukki ,5666,Thodupuzha,628096,Muttom ,1695,1695
32,KERALA,596,Idukki ,5666,Thodupuzha,628097,Alacode,2809,2809
32,KERALA,596,Idukki ,5666,Thodupuzha,628099,Idukki,5027,5027
32,KERALA,596,Idukki ,5666,Thodupuzha,628100,Arakkulam ,1122,1059
32,KERALA,596,Idukki ,5666,Thodupuzha,628101,Kudayathoor ,1245,1241
32,KERALA,596,Idukki ,5666,Thodupuzha,628102,Elappally,578,527
32,KERALA,596,Idukki ,5667,Peerumade,628103,Vagamon ,4255,4215
32,KERALA,596,Idukki ,5667,Peerumade,628104,Upputhara ,5564,5564
32,KERALA,596,Idukki ,5667,Peerumade,628106,Kokkayar,5457,5427
32,KERALA,596,Idukki ,5667,Peerumade,628107,Peerumade,4676,4676
32,KERALA,596,Idukki ,5667,Peerumade,628111,Mlappara,816,816
32,KERALA,596,Idukki ,5667,Peerumade,628112,Peruvanthanam,5996,5996
32,KERALA,597,Kottayam,5668,Meenachil,628125,Lalam (Part),1351,1351
32,KERALA,597,Kottayam,5668,Meenachil,628127,Kurichithanam,525,525
32,KERALA,597,Kottayam,5668,Meenachil,628128,Kuravilangad,5060,5060
32,KERALA,597,Kottayam,5668,Meenachil,628132,Puliyannoor (Part),1257,1257
32,KERALA,597,Kottayam,5668,Meenachil,628134,Poovarany,1850,1850
32,KERALA,597,Kottayam,5668,Meenachil,628138,Erattupetta (CT),3455,3455
32,KERALA,597,Kottayam,5669,Vaikom,628139,Chempu,5200,5200
32,KERALA,597,Kottayam,5669,Vaikom,628142,Njeezhoor,5622,5622
32,KERALA,597,Kottayam,5669,Vaikom,628143,Kaduthuruthy,5409,5409
32,KERALA,597,Kottayam,5669,Vaikom,628146,Vadakkemuri (Part),3272,3272
32,KERALA,597,Kottayam,5669,Vaikom,628147,Naduvile (Part),2233,2233
32,KERALA,597,Kottayam,5669,Vaikom,628148,Vaikom (Part),5404,5404
32,KERALA,597,Kottayam,5669,Vaikom,628149,Thalayazham,4926,4926
32,KERALA,597,Kottayam,5669,Vaikom,628150,Vechoor,4237,4237
32,KERALA,597,Kottayam,5669,Vaikom,628151,Kallara,4502,4502
32,KERALA,597,Kottayam,5669,Vaikom,628152,Muttuchira,3050,3050
32,KERALA,597,Kottayam,5669,Vaikom,628153,Manjoor,5120,5120
32,KERALA,597,Kottayam,5669,Vaikom,628154,Kothanalloor,3980,3980
32,KERALA,597,Kottayam,5670,Kottayam,628156,Kaipuzha,3775,3775
32,KERALA,597,Kottayam,5670,Kottayam,628157,Onamthuruth,5544,5544
32,KERALA,597,Kottayam,5670,Kottayam,628158,Peroor,3520,3520
32,KERALA,597,Kottayam,5670,Kottayam,628159,Ayarkunnam,3371,3371
32,KERALA,597,Kottayam,5670,Kottayam,628161,Chengalam East,2777,2777
32,KERALA,597,Kottayam,5670,Kottayam,628165,Muttampalam (Part),300,300
32,KERALA,597,Kottayam,5670,Kottayam,628167,Thiruvarpu,2700,2700
32,KERALA,597,Kottayam,5670,Kottayam,628168,Veloor  (Part),500,500
32,KERALA,597,Kottayam,5670,Kottayam,628169,Meenadam ,1656,1656
32,KERALA,597,Kottayam,5670,Kottayam,628174,Perumbaikad (CT),10580,10580
32,KERALA,597,Kottayam,5670,Kottayam,628175,Vijayapuram (CT),7430,7430
32,KERALA,597,Kottayam,5670,Kottayam,628176,Chengalam South (CT),2400,2400
32,KERALA,597,Kottayam,5670,Kottayam,628177,Nattakam (CT),9771,9771
32,KERALA,597,Kottayam,5671,Changanassery,628180,Vakathanam,4100,4100
32,KERALA,595,Ernakulam,5659,Paravur,645601,Kedamangalam (OG) (Part),5829,5829
32,KERALA,595,Ernakulam,5660,Kochi,645602,Cheriyakadavu (OG) (Part),1975,1975
32,KERALA,597,Kottayam,5671,Changanassery,628183,Changanassery (Part),2080,2080
32,KERALA,597,Kottayam,5671,Changanassery,628185,Thottackad,3520,3520
32,KERALA,597,Kottayam,5671,Changanassery,628189,Kangazha,6410,6410
32,KERALA,597,Kottayam,5671,Changanassery,628190,Vellavoor,9513,9513
32,KERALA,597,Kottayam,5671,Changanassery,628191,Chethipuzha (CT),8034,8034
32,KERALA,597,Kottayam,5671,Changanassery,628193,Paippad (CT),4718,4718
32,KERALA,597,Kottayam,5672,Kanjirappally,628201,Cheruvally,466,466
32,KERALA,597,Kottayam,5672,Kanjirappally,628205,Manimala,8467,8467
32,KERALA,598,Alappuzha,5673,Cherthala,628206,Perumbalam,9508,9508
32,KERALA,598,Alappuzha,5673,Cherthala,628207,Panavally,9132,9132
32,KERALA,598,Alappuzha,5673,Cherthala,628208,Thuravoor Thekku,2021,2021
32,KERALA,598,Alappuzha,5673,Cherthala,628209,Pattanakkad,10234,10234
32,KERALA,598,Alappuzha,5673,Cherthala,628210,Kadakkarappally,12232,12232
32,KERALA,598,Alappuzha,5673,Cherthala,628211,Cherthala North (Part),23981,23981
32,KERALA,598,Alappuzha,5673,Cherthala,628212,Cherthala South (Part),13805,13805
32,KERALA,598,Alappuzha,5673,Cherthala,628213,Mararikkulam North,13700,13700
32,KERALA,598,Alappuzha,5673,Cherthala,628214,Arookutty (CT),4440,4440
32,KERALA,598,Alappuzha,5673,Cherthala,628215,Aroor (CT),9456,9456
32,KERALA,598,Alappuzha,5673,Cherthala,628216,Ezhupunna (CT),12250,12250
32,KERALA,598,Alappuzha,5673,Cherthala,628217,Kodamthuruth (CT),9890,9890
32,KERALA,598,Alappuzha,5673,Cherthala,628218,Thaikattussery (CT),19358,19358
32,KERALA,598,Alappuzha,5673,Cherthala,628219,Kuthiathode (CT),2242,2242
32,KERALA,598,Alappuzha,5673,Cherthala,628220,Vayalar (CT),6172,6172
32,KERALA,598,Alappuzha,5673,Cherthala,628221,Pallippuram (CT),9280,9280
32,KERALA,598,Alappuzha,5673,Cherthala,628222,Thanneermukkam (CT),7962,7962
32,KERALA,598,Alappuzha,5673,Cherthala,628223,Kokkothamangalam (CT),4207,4207
32,KERALA,598,Alappuzha,5673,Cherthala,628224,Kanjikkuzhi (CT),6020,6020
32,KERALA,598,Alappuzha,5673,Cherthala,628225,Muhamma (CT),6450,6450
32,KERALA,598,Alappuzha,5674,Ambalappuzha,628226,Kalavoor,10800,10800
32,KERALA,598,Alappuzha,5674,Ambalappuzha,628227,Aryad South (Part) (UI),7350,7350
32,KERALA,598,Alappuzha,5674,Ambalappuzha,628228,Mullakkal (Part) ,10,10
32,KERALA,598,Alappuzha,5674,Ambalappuzha,628229,Ambalappuzha,20551,20551
32,KERALA,598,Alappuzha,5674,Ambalappuzha,628230,Karumady  ,22,22
32,KERALA,598,Alappuzha,5674,Ambalappuzha,628231,Purakkad,19271,19271
32,KERALA,598,Alappuzha,5674,Ambalappuzha,628232,Mannanchery (CT),16432,16432
32,KERALA,598,Alappuzha,5674,Ambalappuzha,628233,Pathirappally (CT),26184,26184
32,KERALA,598,Alappuzha,5674,Ambalappuzha,628234,Komalapuram (CT),11746,11746
32,KERALA,598,Alappuzha,5674,Ambalappuzha,628235,Punnapra (OG),8952,8952
32,KERALA,598,Alappuzha,5674,Ambalappuzha,645603,Kalarkode (OG) (Part),6847,6847
32,KERALA,598,Alappuzha,5675,Kuttanad,628236,Kainakary North,3530,3530
32,KERALA,598,Alappuzha,5675,Kuttanad,628237,Kainakary South,3349,3349
32,KERALA,598,Alappuzha,5675,Kuttanad,628238,Pulinkunnu,3004,3004
32,KERALA,598,Alappuzha,5675,Kuttanad,628239,Kunnumma,1526,1526
32,KERALA,598,Alappuzha,5675,Kuttanad,628240,Kavalam,3019,3019
32,KERALA,598,Alappuzha,5675,Kuttanad,628241,Neelamperoor,980,980
32,KERALA,598,Alappuzha,5675,Kuttanad,628242,Veliyanad,3598,3598
32,KERALA,598,Alappuzha,5675,Kuttanad,628243,Ramankary,3515,3515
32,KERALA,598,Alappuzha,5675,Kuttanad,628244,Champakkulam,5289,5289
32,KERALA,598,Alappuzha,5675,Kuttanad,628245,Nedumudi,9594,9594
32,KERALA,598,Alappuzha,5675,Kuttanad,628246,Thakazhy,16800,16800
32,KERALA,598,Alappuzha,5675,Kuttanad,628247,Edathua  ,18,18
32,KERALA,598,Alappuzha,5675,Kuttanad,628248,Muttar,1721,1721
32,KERALA,598,Alappuzha,5675,Kuttanad,628249,Thalavady ,16,16
32,KERALA,598,Alappuzha,5676,Karthikappally,628250,Karuvatta,3985,3985
32,KERALA,598,Alappuzha,5676,Karthikappally,628251,Cheruthana,4026,4026
32,KERALA,598,Alappuzha,5676,Karthikappally,628252,Veeyapuram,5190,5190
32,KERALA,598,Alappuzha,5676,Karthikappally,628253,Pallippad,4009,4009
32,KERALA,598,Alappuzha,5676,Karthikappally,628254,Thrikkunnapuzha,3969,3969
32,KERALA,598,Alappuzha,5676,Karthikappally,628255,Arattupuzha,5657,5657
32,KERALA,598,Alappuzha,5676,Karthikappally,628256,Haripad (CT),2679,2679
32,KERALA,598,Alappuzha,5676,Karthikappally,628257,Kumarapuram (CT),3996,3996
32,KERALA,598,Alappuzha,5676,Karthikappally,628258,Karthikappally (CT),4009,4009
32,KERALA,598,Alappuzha,5676,Karthikappally,628259,Chingoli (CT),3981,3981
32,KERALA,598,Alappuzha,5676,Karthikappally,628260,Cheppad (CT),4031,4031
32,KERALA,598,Alappuzha,5676,Karthikappally,628261,Pathiyoor (CT),4496,4496
32,KERALA,598,Alappuzha,5676,Karthikappally,628262,Keerikkad (CT),3172,3172
32,KERALA,598,Alappuzha,5676,Karthikappally,628263,Muthukulam (CT),4363,4363
32,KERALA,598,Alappuzha,5676,Karthikappally,628264,Kandalloor (CT),4090,4090
32,KERALA,598,Alappuzha,5676,Karthikappally,628265,Puthuppally (CT),4121,4121
32,KERALA,598,Alappuzha,5676,Karthikappally,628266,Krishnapuram (CT),3624,3624
32,KERALA,598,Alappuzha,5677,Chengannur,628267,Ennakkad,3885,3885
32,KERALA,598,Alappuzha,5677,Chengannur,628268,Pandanad (Part),4126,4126
32,KERALA,598,Alappuzha,5677,Chengannur,628269,Thiruvanvandoor,4363,4363
32,KERALA,598,Alappuzha,5677,Chengannur,628270,Chengannur  (Part),6552,6552
32,KERALA,598,Alappuzha,5677,Chengannur,628271,Mulakuzha (Part) ,743,743
32,KERALA,598,Alappuzha,5677,Chengannur,628272,Ala (Part),3751,3751
32,KERALA,598,Alappuzha,5677,Chengannur,628273,Puliyoor(Part),4317,4317
32,KERALA,598,Alappuzha,5677,Chengannur,628274,Cheriyanad,3872,3872
32,KERALA,598,Alappuzha,5677,Chengannur,628275,Venmony,4326,4326
32,KERALA,598,Alappuzha,5677,Chengannur,628276,Mannar (CT),4239,4239
32,KERALA,598,Alappuzha,5677,Chengannur,628277,Kurattissery (CT),3756,3756
32,KERALA,598,Alappuzha,5678,Mavelikkara,628278,Thriperumthura,3574,3574
32,KERALA,598,Alappuzha,5678,Mavelikkara,628279,Vettiyar,4205,4205
32,KERALA,598,Alappuzha,5678,Mavelikkara,628280,Thekkekara (Part),5038,5038
32,KERALA,598,Alappuzha,5678,Mavelikkara,628281,Perungala,3023,3023
32,KERALA,598,Alappuzha,5678,Mavelikkara,628282,Chunakkara,5665,5665
32,KERALA,598,Alappuzha,5678,Mavelikkara,628283,Noornad,7687,7687
32,KERALA,598,Alappuzha,5678,Mavelikkara,628284,Palamel,8699,8699
32,KERALA,598,Alappuzha,5678,Mavelikkara,628285,Thamarakkulam,5236,5236
32,KERALA,598,Alappuzha,5678,Mavelikkara,628286,Vallikunnam,8652,8652
32,KERALA,598,Alappuzha,5678,Mavelikkara,628287,Kannamangalam (CT),3367,3367
32,KERALA,598,Alappuzha,5678,Mavelikkara,628288,Chennithala (CT),5446,5446
32,KERALA,598,Alappuzha,5678,Mavelikkara,628289,Thazhakara (CT),7717,7717
32,KERALA,598,Alappuzha,5678,Mavelikkara,628290,Bharanikkavu (CT),6532,6532
32,KERALA,598,Alappuzha,5678,Mavelikkara,628291,Kattanam (CT),6183,6183
32,KERALA,599,Pathanamthitta,5679,Thiruvalla,628292,Niranam,4192,4192
32,KERALA,599,Pathanamthitta,5679,Thiruvalla,628294,Nedumpuram,4191,4191
32,KERALA,599,Pathanamthitta,5679,Thiruvalla,628295,Peringara,4192,4192
32,KERALA,599,Pathanamthitta,5679,Thiruvalla,628296,Kavumbhagom (Part),4192,4192
32,KERALA,599,Pathanamthitta,5679,Thiruvalla,628297,Kuttoor,4191,4191
32,KERALA,599,Pathanamthitta,5679,Thiruvalla,628298,Kaviyoor,5351,5351
32,KERALA,599,Pathanamthitta,5679,Thiruvalla,628301,Thottapuzhassery,5400,5400
32,KERALA,599,Pathanamthitta,5680,Mallappally,628302,Kunnamthanam,5445,5445
32,KERALA,599,Pathanamthitta,5680,Mallappally,628303,Kallooppara,5390,5390
32,KERALA,599,Pathanamthitta,5680,Mallappally,628304,Mallappally,5462,5462
32,KERALA,599,Pathanamthitta,5680,Mallappally,628305,Anicad,5400,5400
32,KERALA,599,Pathanamthitta,5680,Mallappally,628306,Kottangal,5350,5350
32,KERALA,599,Pathanamthitta,5680,Mallappally,628307,Perumpetty,4954,4954
32,KERALA,599,Pathanamthitta,5680,Mallappally,628308,Ezhumattoor,5404,5404
32,KERALA,599,Pathanamthitta,5680,Mallappally,628309,Thelliyoor,5406,5406
32,KERALA,599,Pathanamthitta,5680,Mallappally,628310,Puramattam,5400,5400
32,KERALA,599,Pathanamthitta,5681,Ranni,628311,Chethakkal,6139,6139
32,KERALA,599,Pathanamthitta,5681,Ranni,628313,Perunad,6138,6138
32,KERALA,599,Pathanamthitta,5681,Ranni,628314,Athikkayam,6138,6138
32,KERALA,599,Pathanamthitta,5681,Ranni,628315,Pazhavangadi,6138,6138
32,KERALA,599,Pathanamthitta,5681,Ranni,628316,Angadi,6127,6127
32,KERALA,599,Pathanamthitta,5681,Ranni,628318,Cherukole,3878,3878
32,KERALA,599,Pathanamthitta,5681,Ranni,628319,Ranni ,6140,6140
32,KERALA,599,Pathanamthitta,5682,Kozhenchery,628322,Kulanada,5630,5630
32,KERALA,599,Pathanamthitta,5682,Kozhenchery,628323,Mezhuveli,4680,4680
32,KERALA,599,Pathanamthitta,5682,Kozhenchery,628324,Kidangannur,3970,3970
32,KERALA,599,Pathanamthitta,5682,Kozhenchery,628325,Aranmula,3935,3935
32,KERALA,599,Pathanamthitta,5682,Kozhenchery,628326,Mallapuzhassery,3870,3870
32,KERALA,599,Pathanamthitta,5682,Kozhenchery,628327,Elanthoor,3870,3870
32,KERALA,599,Pathanamthitta,5682,Kozhenchery,628328,Chenneerkara,3880,3880
32,KERALA,599,Pathanamthitta,5682,Kozhenchery,628329,Vallicode,5742,5742
32,KERALA,599,Pathanamthitta,5682,Kozhenchery,628330,Omalloor,3870,3870
32,KERALA,599,Pathanamthitta,5682,Kozhenchery,628331,Pathanamthitta (Part),76,76
32,KERALA,599,Pathanamthitta,5682,Kozhenchery,628332,Naranganam,3870,3870
32,KERALA,599,Pathanamthitta,5682,Kozhenchery,628333,Mylapra (Part),3878,3878
32,KERALA,599,Pathanamthitta,5682,Kozhenchery,628334,Malayalapuzha (Part),5669,5669
32,KERALA,599,Pathanamthitta,5682,Kozhenchery,628335,Konnithazham,5744,5744
32,KERALA,599,Pathanamthitta,5682,Kozhenchery,628336,Pramadom,5744,5744
32,KERALA,599,Pathanamthitta,5682,Kozhenchery,628337,Vallicode-Kottayam,5740,5740
32,KERALA,599,Pathanamthitta,5682,Kozhenchery,628338,Konni,5740,5740
32,KERALA,599,Pathanamthitta,5682,Kozhenchery,628339,Aruvappulam,5742,5742
32,KERALA,599,Pathanamthitta,5682,Kozhenchery,628340,Iravan,5740,5740
32,KERALA,599,Pathanamthitta,5682,Kozhenchery,628341,Thannithode ,3872,3872
32,KERALA,599,Pathanamthitta,5682,Kozhenchery,628342,Kozhenchery (CT),3870,3870
32,KERALA,599,Pathanamthitta,5683,Adoor,628343,Pandalam,13475,13475
32,KERALA,599,Pathanamthitta,5683,Adoor,628344,Kurampala,13468,13468
32,KERALA,599,Pathanamthitta,5683,Adoor,628346,Kodumon,5887,5887
32,KERALA,599,Pathanamthitta,5683,Adoor,628347,Angadickal,5899,5899
32,KERALA,599,Pathanamthitta,5683,Adoor,628348,Koodal,5886,5886
32,KERALA,599,Pathanamthitta,5683,Adoor,628349,Kalanjoor,5887,5887
32,KERALA,599,Pathanamthitta,5683,Adoor,628351,Ezhamkulam,5886,5886
32,KERALA,599,Pathanamthitta,5683,Adoor,628353,Peringanadu (Part),5881,5881
32,KERALA,599,Pathanamthitta,5683,Adoor,628354,Pallickal,5886,5886
32,KERALA,599,Pathanamthitta,5683,Adoor,628356,Enathu,5887,5887
32,KERALA,600,Kollam,5684,Karunagappally ,628357,Alappad,5904,5904
32,KERALA,600,Kollam,5684,Karunagappally ,628358,Clappana,7199,7199
32,KERALA,600,Kollam,5684,Karunagappally ,628359,Thazhava,7474,7474
32,KERALA,600,Kollam,5684,Karunagappally ,628360,Pavumba,6301,6301
32,KERALA,600,Kollam,5684,Karunagappally ,628361,Thevalakkara,6838,6838
32,KERALA,600,Kollam,5684,Karunagappally ,628362,Thekkumbhagom,6738,6738
32,KERALA,600,Kollam,5684,Karunagappally ,628363,Oachira (CT),6611,6611
32,KERALA,600,Kollam,5684,Karunagappally ,628364,Kulasekharapuram (CT),5916,5916
32,KERALA,600,Kollam,5684,Karunagappally ,628365,Adinad (CT),7035,7035
32,KERALA,600,Kollam,5684,Karunagappally ,628366,Thodiyoor (CT),5503,5503
32,KERALA,600,Kollam,5684,Karunagappally ,628367,Kallelibhagom (CT),4938,4938
32,KERALA,600,Kollam,5684,Karunagappally ,628368,Karunagappally (CT),5697,5697
32,KERALA,600,Kollam,5684,Karunagappally ,628369,Ayanivelikulangara (CT),5056,5056
32,KERALA,600,Kollam,5684,Karunagappally ,628370,Vadakkumthala (CT),4470,4470
32,KERALA,600,Kollam,5684,Karunagappally ,628371,Panmana (CT),4531,4531
32,KERALA,600,Kollam,5684,Karunagappally ,628372,Chavara (CT),5640,5640
32,KERALA,600,Kollam,5684,Karunagappally ,628373,Neendakara (OG),5030,5030
32,KERALA,600,Kollam,5685,Kunnathur,628375,Sooranad North,4942,4942
32,KERALA,600,Kollam,5685,Kunnathur,628376,Poruvazhy,4778,4778
32,KERALA,600,Kollam,5685,Kunnathur,628377,Kunnathur,4662,4662
32,KERALA,600,Kollam,5685,Kunnathur,628378,Sasthamkotta,4865,4865
32,KERALA,600,Kollam,5685,Kunnathur,628379,Sooranad South,4545,4545
32,KERALA,600,Kollam,5685,Kunnathur,628380,Mynagappally,7126,7126
32,KERALA,600,Kollam,5685,Kunnathur,628381,West Kallada,4554,4554
32,KERALA,600,Kollam,5686,Pathanapuram,628382,Pattazhy Vadakkekara,4821,4821
32,KERALA,600,Kollam,5686,Pathanapuram,628383,Pattazhy,8550,8550
32,KERALA,600,Kollam,5686,Pathanapuram,628384,Thalavoor,8783,8783
32,KERALA,600,Kollam,5686,Pathanapuram,628385,Vilakkudy,9005,9005
32,KERALA,600,Kollam,5686,Pathanapuram,628386,Pidavoor,6999,6999
32,KERALA,600,Kollam,5686,Pathanapuram,628387,Pathanapuram ,4161,4161
32,KERALA,600,Kollam,5686,Pathanapuram,628388,Punnala,4898,4898
32,KERALA,600,Kollam,5686,Pathanapuram,628389,Piravanthur ,5280,5280
32,KERALA,600,Kollam,5686,Pathanapuram,628390,Valacode (Part),4944,4944
32,KERALA,600,Kollam,5686,Pathanapuram,628391,Edamon,5702,5702
32,KERALA,600,Kollam,5686,Pathanapuram,628392,Thenmala,5711,5711
32,KERALA,600,Kollam,5686,Pathanapuram,628393,Arienkavu,5721,5721
32,KERALA,600,Kollam,5686,Pathanapuram,628394,Kulathupuzha,5722,5722
32,KERALA,600,Kollam,5686,Pathanapuram,628395,Thinkalkarikkakom,4292,4292
32,KERALA,600,Kollam,5686,Pathanapuram,628396,Ayiranalloor,5707,5707
32,KERALA,600,Kollam,5686,Pathanapuram,628397,Karavaloor (Part),5734,5734
32,KERALA,600,Kollam,5686,Pathanapuram,628398,Arackal,5740,5740
32,KERALA,600,Kollam,5686,Pathanapuram,628399,Edamulackal,5705,5705
32,KERALA,600,Kollam,5686,Pathanapuram,628400,Anchal,5755,5755
32,KERALA,600,Kollam,5686,Pathanapuram,628401,Eroor,6044,6044
32,KERALA,600,Kollam,5686,Pathanapuram,628402,Alayamon ,2151,2151
32,KERALA,600,Kollam,5686,Pathanapuram,628403,Channappetta ,3115,3115
32,KERALA,600,Kollam,5687,Kottarakkara,628404,Pavithreswaram,6564,6564
32,KERALA,600,Kollam,5687,Kottarakkara,628405,Puthur ,4681,4681
32,KERALA,600,Kollam,5687,Kottarakkara,628406,Kulakkada,6557,6557
32,KERALA,600,Kollam,5687,Kottarakkara,628407,Kalayapuram,6644,6644
32,KERALA,600,Kollam,5687,Kottarakkara,628408,Mylom,6977,6977
32,KERALA,600,Kollam,5687,Kottarakkara,628409,Melila ,4605,4605
32,KERALA,600,Kollam,5687,Kottarakkara,628410,Chakkuvarakkal,6594,6594
32,KERALA,600,Kollam,5687,Kottarakkara,628411,Vettikkavala,7001,7001
32,KERALA,600,Kollam,5687,Kottarakkara,628412,Neduvathoor,6302,6302
32,KERALA,600,Kollam,5687,Kottarakkara,628413,Ezhukone,6460,6460
32,KERALA,600,Kollam,5687,Kottarakkara,628414,Kareepra,6344,6344
32,KERALA,600,Kollam,5687,Kottarakkara,628415,Odanavattam,6097,6097
32,KERALA,600,Kollam,5687,Kottarakkara,628416,Ummannoor,6860,6860
32,KERALA,600,Kollam,5687,Kottarakkara,628417,Valakam,6814,6814
32,KERALA,600,Kollam,5687,Kottarakkara,628418,Elamad,5992,5992
32,KERALA,600,Kollam,5687,Kottarakkara,628419,Veliyam,6142,6142
32,KERALA,600,Kollam,5687,Kottarakkara,628420,Pooyappally,6259,6259
32,KERALA,600,Kollam,5687,Kottarakkara,628421,Velinalloor,5666,5666
32,KERALA,600,Kollam,5687,Kottarakkara,628422,Chadayamangalam,5994,5994
32,KERALA,600,Kollam,5687,Kottarakkara,628423,Kottukkal,5595,5595
32,KERALA,600,Kollam,5687,Kottarakkara,628424,Ittiva,5934,5934
32,KERALA,600,Kollam,5687,Kottarakkara,628425,Kadakkal,6040,6040
32,KERALA,600,Kollam,5687,Kottarakkara,628426,Nilamel,5940,5940
32,KERALA,600,Kollam,5687,Kottarakkara,628427,Kummil,6011,6011
32,KERALA,600,Kollam,5687,Kottarakkara,628428,Mancode,5739,5739
32,KERALA,600,Kollam,5687,Kottarakkara,628429,Chithara,5941,5941
32,KERALA,600,Kollam,5687,Kottarakkara,628430,Kottarakkara (CT),6303,6303
32,KERALA,600,Kollam,5688,Kollam,628431,Mundrothuruth,11795,11795
32,KERALA,600,Kollam,5688,Kollam,628432,Kizhakkekallada,19636,19636
32,KERALA,600,Kollam,5688,Kollam,628433,Mulavana,19313,19313
32,KERALA,600,Kollam,5688,Kollam,628434,Pallimon,4761,4761
32,KERALA,600,Kollam,5688,Kollam,628435,Chirakkara,5890,5890
32,KERALA,600,Kollam,5688,Kollam,628436,Paravoor (Part),6036,6036
32,KERALA,600,Kollam,5688,Kollam,628437,Parippally,5739,5739
32,KERALA,600,Kollam,5688,Kollam,628438,Kalluvathukkal,5676,5676
32,KERALA,600,Kollam,5688,Kollam,628439,Thrikkaruva (CT),4964,4964
32,KERALA,600,Kollam,5688,Kollam,628440,Panayam (CT),19326,19326
32,KERALA,600,Kollam,5688,Kollam,628441,Perinad (CT),21470,21470
32,KERALA,600,Kollam,5688,Kollam,628442,Elampalloor (CT),4837,4837
32,KERALA,600,Kollam,5688,Kollam,628443,Nedumpana (CT),4194,4194
32,KERALA,600,Kollam,5688,Kollam,628444,Kottamkara (CT),6895,6895
32,KERALA,600,Kollam,5688,Kollam,628445,Thrikkadavoor (CT),4659,4659
32,KERALA,600,Kollam,5688,Kollam,628446,Thrikkovilvattom (CT),9090,9090
32,KERALA,600,Kollam,5688,Kollam,628447,Adichanalloor (CT),6489,6489
32,KERALA,600,Kollam,5688,Kollam,628448,Thazhuthala (CT),4059,4059
32,KERALA,600,Kollam,5688,Kollam,628449,Mayyanad (CT),5335,5335
32,KERALA,600,Kollam,5688,Kollam,628450,Meenad (CT),7028,7028
32,KERALA,600,Kollam,5688,Kollam,628451,Poothakkulam (CT),6603,6603
32,KERALA,600,Kollam,5688,Kollam,628374,Eravipuram (OG) (Part),7076,7076
32,KERALA,601,Thiruvananthapuram,5689,Chirayinkeezhu,628452,Edava,8300,8300
32,KERALA,601,Thiruvananthapuram,5689,Chirayinkeezhu,628453,Ayiroor,8301,8301
32,KERALA,601,Thiruvananthapuram,5689,Chirayinkeezhu,628454,Chemmaruthy,8405,8405
32,KERALA,601,Thiruvananthapuram,5689,Chirayinkeezhu,628455,Navaikulam,4701,4701
32,KERALA,601,Thiruvananthapuram,5689,Chirayinkeezhu,628456,Pallickal,4600,4600
32,KERALA,601,Thiruvananthapuram,5689,Chirayinkeezhu,628457,Madavoor,4500,4500
32,KERALA,601,Thiruvananthapuram,5689,Chirayinkeezhu,628458,Kudavoor,4400,4400
32,KERALA,601,Thiruvananthapuram,5689,Chirayinkeezhu,628459,Vellalloor,4600,4600
32,KERALA,601,Thiruvananthapuram,5689,Chirayinkeezhu,628460,Kilimanoor,4720,4720
32,KERALA,601,Thiruvananthapuram,5689,Chirayinkeezhu,628461,Pazhayakunnummel,4600,4600
32,KERALA,601,Thiruvananthapuram,5689,Chirayinkeezhu,628462,Pulimath,4600,4600
32,KERALA,601,Thiruvananthapuram,5689,Chirayinkeezhu,628463,Koduvazhannoor,4400,4400
32,KERALA,601,Thiruvananthapuram,5689,Chirayinkeezhu,628464,Nagaroor,5100,5100
32,KERALA,601,Thiruvananthapuram,5689,Chirayinkeezhu,628465,Karavaram,4401,4401
32,KERALA,601,Thiruvananthapuram,5689,Chirayinkeezhu,628466,Ottoor,8702,8702
32,KERALA,601,Thiruvananthapuram,5689,Chirayinkeezhu,628467,Vettoor-Cherunniyoor ,8700,8700
32,KERALA,601,Thiruvananthapuram,5689,Chirayinkeezhu,628468,Manamboor,7600,7600
32,KERALA,601,Thiruvananthapuram,5689,Chirayinkeezhu,628469,Elamba-Mudakkal,6200,6200
32,KERALA,601,Thiruvananthapuram,5689,Chirayinkeezhu,628470,Attingal-Avanavancherry (Part),3500,3500
32,KERALA,601,Thiruvananthapuram,5689,Chirayinkeezhu,628471,Kadakkavoor,16000,16000
32,KERALA,601,Thiruvananthapuram,5689,Chirayinkeezhu,628472,Sarkara-Chirayinkeezhu,8500,8500
32,KERALA,601,Thiruvananthapuram,5689,Chirayinkeezhu,628473,Alamcode (CT),4800,4800
32,KERALA,601,Thiruvananthapuram,5689,Chirayinkeezhu,628474,Keezhattingal (CT),7700,7700
32,KERALA,601,Thiruvananthapuram,5689,Chirayinkeezhu,628475,Vakkom (CT),6501,6501
32,KERALA,601,Thiruvananthapuram,5689,Chirayinkeezhu,628476,Kizhuvalam-Koonthalloor (CT),6600,6600
32,KERALA,601,Thiruvananthapuram,5689,Chirayinkeezhu,628477,Edakkode (CT),7800,7800
32,KERALA,601,Thiruvananthapuram,5689,Chirayinkeezhu,628478,Azhoor (CT),7400,7400
32,KERALA,601,Thiruvananthapuram,5690,Nedumangad,628479,Nellanad,4800,4800
32,KERALA,601,Thiruvananthapuram,5690,Nedumangad,628480,Vamanapuram,4800,4800
32,KERALA,601,Thiruvananthapuram,5690,Nedumangad,628481,Kallara,4800,4800
32,KERALA,601,Thiruvananthapuram,5690,Nedumangad,628482,Pangode,4800,4800
32,KERALA,601,Thiruvananthapuram,5690,Nedumangad,628483,Peringamala,4800,4800
32,KERALA,601,Thiruvananthapuram,5690,Nedumangad,628484,Thennoor ,4600,4593
32,KERALA,601,Thiruvananthapuram,5690,Nedumangad,628485,Palode,4800,4800
32,KERALA,601,Thiruvananthapuram,5690,Nedumangad,628486,Kurupuzha,4800,4800
32,KERALA,601,Thiruvananthapuram,5690,Nedumangad,628487,Panavoor,7100,7100
32,KERALA,601,Thiruvananthapuram,5690,Nedumangad,628488,Pullampara,4800,4800
32,KERALA,601,Thiruvananthapuram,5690,Nedumangad,628489,Koliyakode,4800,4800
32,KERALA,601,Thiruvananthapuram,5690,Nedumangad,628490,Manikkal,4800,4800
32,KERALA,601,Thiruvananthapuram,5690,Nedumangad,628491,Theakada,7500,7490
32,KERALA,601,Thiruvananthapuram,5690,Nedumangad,628492,Anad,7000,7000
32,KERALA,601,Thiruvananthapuram,5690,Nedumangad,628493,Tholicode,6200,6200
32,KERALA,601,Thiruvananthapuram,5690,Nedumangad,628494,Vithura,6670,6660
32,KERALA,601,Thiruvananthapuram,5690,Nedumangad,628495,Mannoorkara,6805,6805
32,KERALA,601,Thiruvananthapuram,5690,Nedumangad,628496,Aryanad,7501,7471
32,KERALA,601,Thiruvananthapuram,5690,Nedumangad,628497,Uzhamalackal,6500,6500
32,KERALA,601,Thiruvananthapuram,5690,Nedumangad,628498,Vembayam,6800,6792
32,KERALA,601,Thiruvananthapuram,5690,Nedumangad,628499,Aruvikkara,7500,7500
32,KERALA,601,Thiruvananthapuram,5690,Nedumangad,628500,Vellanad,6651,6651
32,KERALA,601,Thiruvananthapuram,5690,Nedumangad,628501,Perumkulam,6300,6300
32,KERALA,601,Thiruvananthapuram,5690,Nedumangad,628502,Veeranakavu,6600,6600
32,KERALA,601,Thiruvananthapuram,5690,Nedumangad,628503,Vattappara (CT),6900,6900
32,KERALA,601,Thiruvananthapuram,5690,Nedumangad,628504,Karakulam (CT),7700,7700
32,KERALA,601,Thiruvananthapuram,5691,Thiruvananthapuram,628505,Kadinamkulam,5501,5501
32,KERALA,601,Thiruvananthapuram,5691,Thiruvananthapuram,628506,Melthonnakkal,4450,4450
32,KERALA,601,Thiruvananthapuram,5691,Thiruvananthapuram,628507,Keezhthonnakkal,5300,5300
32,KERALA,601,Thiruvananthapuram,5691,Thiruvananthapuram,628508,Andoorkonam,5701,5701
32,KERALA,601,Thiruvananthapuram,5691,Thiruvananthapuram,628509,Menamkulam,4950,4950
32,KERALA,601,Thiruvananthapuram,5691,Thiruvananthapuram,628510,Veiloor (CT),5703,5703
32,KERALA,601,Thiruvananthapuram,5691,Thiruvananthapuram,628511,Pallippuram (CT),4800,4800
32,KERALA,601,Thiruvananthapuram,5691,Thiruvananthapuram,628512,Iroopara (CT),5700,5700
32,KERALA,601,Thiruvananthapuram,5691,Thiruvananthapuram,628513,Uliyazhathura (CT),7700,7700
32,KERALA,601,Thiruvananthapuram,5691,Thiruvananthapuram,628517,Kalliyoor (CT),9507,9507
32,KERALA,601,Thiruvananthapuram,5691,Thiruvananthapuram,628518,Venganoor (CT),30004,30004
32,KERALA,601,Thiruvananthapuram,5692,Neyyattinkara,628521,Ottasekharamangalam,3080,3080
32,KERALA,601,Thiruvananthapuram,5692,Neyyattinkara,628522,Kallikkad,13812,13812
32,KERALA,601,Thiruvananthapuram,5692,Neyyattinkara,628523,Vazhichal,2850,2850
32,KERALA,601,Thiruvananthapuram,5692,Neyyattinkara,628524,Amboori,4250,4250
32,KERALA,601,Thiruvananthapuram,5692,Neyyattinkara,628525,Vellarada,4180,4180
32,KERALA,601,Thiruvananthapuram,5692,Neyyattinkara,628526,Keezharoor,3958,3958
32,KERALA,601,Thiruvananthapuram,5692,Neyyattinkara,628527,Maranalloor,10200,10200
32,KERALA,601,Thiruvananthapuram,5692,Neyyattinkara,628528,Perumkadavila,3500,3500
32,KERALA,601,Thiruvananthapuram,5692,Neyyattinkara,628529,Anavoor,4080,4080
32,KERALA,601,Thiruvananthapuram,5692,Neyyattinkara,628530,Kunnathukal,4032,4032
32,KERALA,601,Thiruvananthapuram,5692,Neyyattinkara,628531,Kollayil (Part),2434,2434
32,KERALA,601,Thiruvananthapuram,5692,Neyyattinkara,628532,Karode,10440,10440
32,KERALA,601,Thiruvananthapuram,5692,Neyyattinkara,628533,Chenkal (Part),10001,10001
32,KERALA,601,Thiruvananthapuram,5692,Neyyattinkara,628534,Kulathoor,9583,9583
32,KERALA,601,Thiruvananthapuram,5692,Neyyattinkara,628535,Thirupuram,9205,9205
32,KERALA,601,Thiruvananthapuram,5692,Neyyattinkara,628536,Karumkulam ,2400,2400
32,KERALA,601,Thiruvananthapuram,5692,Neyyattinkara,628537,Kottukal (Part),17412,17412
32,KERALA,601,Thiruvananthapuram,5692,Neyyattinkara,628538,Vizhinjam (Part),30000,29997
32,KERALA,601,Thiruvananthapuram,5692,Neyyattinkara,628539,Vilappil (CT),10006,10006
32,KERALA,601,Thiruvananthapuram,5692,Neyyattinkara,628540,Kulathummal (CT),6900,6900
32,KERALA,601,Thiruvananthapuram,5692,Neyyattinkara,628541,Malayinkeezhu (CT),9800,9800
32,KERALA,601,Thiruvananthapuram,5692,Neyyattinkara,628542,Vilavoorkkal (CT),10000,10000
32,KERALA,601,Thiruvananthapuram,5692,Neyyattinkara,628543,Pallichal (CT),10500,10500
32,KERALA,601,Thiruvananthapuram,5692,Neyyattinkara,628544,Athiyannur (CT),2420,2420
32,KERALA,601,Thiruvananthapuram,5692,Neyyattinkara,628545,Kanjiramkulam (CT),2400,2400
32,KERALA,601,Thiruvananthapuram,5692,Neyyattinkara,628546,Parasuvaikkal (CT),12610,12610
32,KERALA,601,Thiruvananthapuram,5692,Neyyattinkara,628547,Parassala (CT),10660,10660
32,KERALA,601,Thiruvananthapuram,5692,Neyyattinkara,628538,Kovalam (OG) (Part),30000,29997
32,KERALA,598,Alappuzha,5674,Ambalappuzha,645603,Kalarkode (OG) (Part),6847,6847
32,KERALA,601,Thiruvananthapuram,5692,Neyyattinkara,628539,Vilappil (CT),10006,10006
32,KERALA,601,Thiruvananthapuram,5692,Neyyattinkara,628540,Kulathummal (CT),6900,6900
32,KERALA,601,Thiruvananthapuram,5692,Neyyattinkara,628541,Malayinkeezhu (CT),9800,9800
32,KERALA,601,Thiruvananthapuram,5692,Neyyattinkara,628542,Vilavoorkkal (CT),10000,10000
32,KERALA,601,Thiruvananthapuram,5692,Neyyattinkara,628543,Pallichal (CT),10500,10500
32,KERALA,601,Thiruvananthapuram,5692,Neyyattinkara,628544,Athiyannur (CT),2420,2420
32,KERALA,601,Thiruvananthapuram,5692,Neyyattinkara,628545,Kanjiramkulam (CT),2400,2400
32,KERALA,601,Thiruvananthapuram,5692,Neyyattinkara,628546,Parasuvaikkal (CT),12610,12610
32,KERALA,601,Thiruvananthapuram,5692,Neyyattinkara,628547,Parassala (CT),10660,10660
32,KERALA,598,Alappuzha,5674,Ambalappuzha,645603,Kalarkode (OG) (Part),6847,6847
